Time (s),Vin,Inv1,Inv2,Inv3
-0.001018,1,0,1,0
-0.001018,1,0,1,0
-0.0010175,1,0,1,0
-0.001017,0,0,1,0
-0.0010165,0,0,1,0
-0.001016,0,0,1,0
-0.0010155,0,1,1,0
-0.001015,0,1,1,0
-0.0010145,0,1,1,0
-0.001014,0,1,1,0
-0.0010135,0,1,1,0
-0.001013,0,1,1,0
-0.0010125,0,1,1,0
-0.001012,0,1,1,0
-0.0010115,0,1,0,0
-0.001011,0,1,0,0
-0.0010105,0,1,0,0
-0.00101,0,1,0,0
-0.0010095,0,1,0,0
-0.001009,0,1,0,0
-0.0010085,0,1,0,0
-0.001008,0,1,0,0
-0.0010075,0,1,0,0
-0.001007,0,1,0,0
-0.0010065,0,1,0,0
-0.001006,0,1,0,1
-0.0010055,0,1,0,1
-0.001005,0,1,0,1
-0.0010045,0,1,0,1
-0.001004,0,1,0,1
-0.0010035,0,1,0,1
-0.001003,0,1,0,1
-0.0010025,0,1,0,1
-0.001002,0,1,0,1
-0.0010015,0,1,0,1
-0.001001,0,1,0,1
-0.0010005,0,1,0,1
-0.001,0,1,0,1
-0.0009995,0,1,0,1
-0.0009990000000000001,0,1,0,1
-0.0009985,0,1,0,1
-0.000998,0,1,0,1
-0.0009974999999999999,0,1,0,1
-0.0009970000000000001,1,1,0,1
-0.0009965,1,0,0,1
-0.0009959999999999999,1,0,0,1
-0.0009955000000000001,1,0,0,1
-0.000995,1,0,0,1
-0.0009944999999999999,1,0,0,1
-0.0009940000000000001,1,0,1,1
-0.0009935,1,0,1,1
-0.000993,1,0,1,1
-0.0009924999999999999,1,0,1,1
-0.000992,1,0,1,1
-0.0009915,1,0,1,1
-0.0009909999999999999,1,0,1,1
-0.0009905000000000001,1,0,1,0
-0.00099,1,0,1,0
-0.0009894999999999999,1,0,1,0
-0.0009890000000000001,1,0,1,0
-0.0009885,1,0,1,0
-0.0009879999999999999,1,0,1,0
-0.0009875000000000001,1,0,1,0
-0.000987,1,0,1,0
-0.0009865,1,0,1,0
-0.0009859999999999999,1,0,1,0
-0.0009855,1,0,1,0
-0.000985,1,0,1,0
-0.0009844999999999999,1,0,1,0
-0.0009840000000000001,1,0,1,0
-0.0009835,1,0,1,0
-0.0009829999999999999,1,0,1,0
-0.0009825000000000001,1,0,1,0
-0.000982,1,0,1,0
-0.0009815,1,0,1,0
-0.0009810000000000001,1,0,1,0
-0.0009805,1,0,1,0
-0.00098,1,0,1,0
-0.0009794999999999999,1,0,1,0
-0.0009790000000000001,1,0,1,0
-0.0009785,1,0,1,0
-0.0009779999999999999,1,0,1,0
-0.0009775000000000001,1,0,1,0
-0.000977,0,0,1,0
-0.0009765,0,0,1,0
-0.000976,0,0,1,0
-0.0009755,0,1,1,0
-0.000975,0,1,1,0
-0.0009745,0,1,1,0
-0.000974,0,1,1,0
-0.0009735,0,1,1,0
-0.000973,0,1,1,0
-0.0009724999999999999,0,1,1,0
-0.000972,0,1,1,0
-0.0009715,0,1,0,0
-0.000971,0,1,0,0
-0.0009705,0,1,0,0
-0.0009700000000000001,0,1,0,0
-0.0009695,0,1,0,0
-0.000969,0,1,0,0
-0.0009685,0,1,0,0
-0.000968,0,1,0,0
-0.0009675,0,1,0,0
-0.000967,0,1,0,0
-0.0009665,0,1,0,0
-0.000966,0,1,0,1
-0.0009655,0,1,0,1
-0.000965,0,1,0,1
-0.0009645,0,1,0,1
-0.000964,0,1,0,1
-0.0009634999999999999,0,1,0,1
-0.000963,0,1,0,1
-0.0009625,0,1,0,1
-0.000962,0,1,0,1
-0.0009615,0,1,0,1
-0.000961,0,1,0,1
-0.0009605,0,1,0,1
-0.00096,0,1,0,1
-0.0009595,0,1,0,1
-0.000959,0,1,0,1
-0.0009585,0,1,0,1
-0.000958,0,1,0,1
-0.0009575,0,1,0,1
-0.000957,1,1,0,1
-0.0009565,1,0,0,1
-0.000956,1,0,0,1
-0.0009555,1,0,0,1
-0.000955,1,0,0,1
-0.0009545000000000001,1,0,0,1
-0.000954,1,0,1,1
-0.0009535,1,0,1,1
-0.000953,1,0,1,1
-0.0009525,1,0,1,1
-0.000952,1,0,1,1
-0.0009515,1,0,1,1
-0.000951,1,0,1,1
-0.0009505,1,0,1,0
-0.00095,1,0,1,0
-0.0009495,1,0,1,0
-0.000949,1,0,1,0
-0.0009485,1,0,1,0
-0.0009479999999999999,1,0,1,0
-0.0009475,1,0,1,0
-0.000947,1,0,1,0
-0.0009465,1,0,1,0
-0.000946,1,0,1,0
-0.0009455000000000001,1,0,1,0
-0.000945,1,0,1,0
-0.0009445,1,0,1,0
-0.000944,1,0,1,0
-0.0009435,1,0,1,0
-0.000943,1,0,1,0
-0.0009425,1,0,1,0
-0.000942,1,0,1,0
-0.0009415,1,0,1,0
-0.000941,1,0,1,0
-0.0009405,1,0,1,0
-0.00094,1,0,1,0
-0.0009395,1,0,1,0
-0.0009389999999999999,1,0,1,0
-0.0009385,1,0,1,0
-0.000938,1,0,1,0
-0.0009375,1,0,1,0
-0.000937,0,0,1,0
-0.0009365,0,0,1,0
-0.000936,0,0,1,0
-0.0009355,0,1,1,0
-0.000935,0,1,1,0
-0.0009345,0,1,1,0
-0.000934,0,1,1,0
-0.0009335,0,1,1,0
-0.000933,0,1,1,0
-0.0009325,0,1,1,0
-0.000932,0,1,1,0
-0.0009315,0,1,0,0
-0.000931,0,1,0,0
-0.0009305,0,1,0,0
-0.0009300000000000001,0,1,0,0
-0.0009295,0,1,0,0
-0.000929,0,1,0,0
-0.0009285,0,1,0,0
-0.000928,0,1,0,0
-0.0009275,0,1,0,0
-0.000927,0,1,0,0
-0.0009265,0,1,0,0
-0.000926,0,1,0,1
-0.0009255,0,1,0,1
-0.000925,0,1,0,1
-0.0009245,0,1,0,1
-0.000924,0,1,0,1
-0.0009235,0,1,0,1
-0.000923,0,1,0,1
-0.0009225,0,1,0,1
-0.000922,0,1,0,1
-0.0009215,0,1,0,1
-0.0009210000000000001,0,1,0,1
-0.0009205,0,1,0,1
-0.00092,0,1,0,1
-0.0009195,0,1,0,1
-0.000919,0,1,0,1
-0.0009185,0,1,0,1
-0.000918,0,1,0,1
-0.0009175,0,1,0,1
-0.000917,1,1,0,1
-0.0009165,1,0,0,1
-0.000916,1,0,0,1
-0.0009155,1,0,0,1
-0.000915,1,0,0,1
-0.0009144999999999999,1,0,0,1
-0.000914,1,0,1,1
-0.0009135,1,0,1,1
-0.000913,1,0,1,1
-0.0009125,1,0,1,1
-0.0009120000000000001,1,0,1,1
-0.0009115,1,0,1,1
-0.000911,1,0,1,1
-0.0009105,1,0,1,0
-0.00091,1,0,1,0
-0.0009095,1,0,1,0
-0.000909,1,0,1,0
-0.0009085,1,0,1,0
-0.000908,1,0,1,0
-0.0009075,1,0,1,0
-0.000907,1,0,1,0
-0.0009065,1,0,1,0
-0.000906,1,0,1,0
-0.0009054999999999999,1,0,1,0
-0.000905,1,0,1,0
-0.0009045,1,0,1,0
-0.000904,1,0,1,0
-0.0009035,1,0,1,0
-0.000903,1,0,1,0
-0.0009025,1,0,1,0
-0.000902,1,0,1,0
-0.0009015,1,0,1,0
-0.000901,1,0,1,0
-0.0009005,1,0,1,0
-0.0009,1,0,1,0
-0.0008995,1,0,1,0
-0.000899,1,0,1,0
-0.0008985,1,0,1,0
-0.000898,1,0,1,0
-0.0008975,1,0,1,0
-0.000897,0,0,1,0
-0.0008965000000000001,0,0,1,0
-0.000896,0,0,1,0
-0.0008955,0,1,1,0
-0.000895,0,1,1,0
-0.0008945,0,1,1,0
-0.000894,0,1,1,0
-0.0008935,0,1,1,0
-0.000893,0,1,1,0
-0.0008925,0,1,1,0
-0.000892,0,1,1,0
-0.0008915,0,1,0,0
-0.000891,0,1,0,0
-0.0008905,0,1,0,0
-0.0008899999999999999,0,1,0,0
-0.0008895,0,1,0,0
-0.000889,0,1,0,0
-0.0008885,0,1,0,0
-0.000888,0,1,0,0
-0.0008875000000000001,0,1,0,0
-0.000887,0,1,0,0
-0.0008865,0,1,0,0
-0.000886,0,1,0,1
-0.0008855,0,1,0,1
-0.000885,0,1,0,1
-0.0008845,0,1,0,1
-0.000884,0,1,0,1
-0.0008835,0,1,0,1
-0.000883,0,1,0,1
-0.0008825,0,1,0,1
-0.000882,0,1,0,1
-0.0008815,0,1,0,1
-0.0008809999999999999,0,1,0,1
-0.0008805,0,1,0,1
-0.00088,0,1,0,1
-0.0008795,0,1,0,1
-0.000879,0,1,0,1
-0.0008785,0,1,0,1
-0.000878,0,1,0,1
-0.0008775,0,1,0,1
-0.000877,1,1,0,1
-0.0008765,1,0,0,1
-0.000876,1,0,0,1
-0.0008755,1,0,0,1
-0.000875,1,0,0,1
-0.0008745,1,0,0,1
-0.000874,1,0,1,1
-0.0008735,1,0,1,1
-0.000873,1,0,1,1
-0.0008725,1,0,1,1
-0.0008720000000000001,1,0,1,1
-0.0008715,1,0,1,1
-0.000871,1,0,1,1
-0.0008705,1,0,1,0
-0.00087,1,0,1,0
-0.0008695,1,0,1,0
-0.000869,1,0,1,0
-0.0008685,1,0,1,0
-0.000868,1,0,1,0
-0.0008675,1,0,1,0
-0.000867,1,0,1,0
-0.0008665,1,0,1,0
-0.000866,1,0,1,0
-0.0008654999999999999,1,0,1,0
-0.000865,1,0,1,0
-0.0008645,1,0,1,0
-0.000864,1,0,1,0
-0.0008635,1,0,1,0
-0.0008630000000000001,1,0,1,0
-0.0008625,1,0,1,0
-0.000862,1,0,1,0
-0.0008615,1,0,1,0
-0.000861,1,0,1,0
-0.0008605,1,0,1,0
-0.00086,1,0,1,0
-0.0008595,1,0,1,0
-0.000859,1,0,1,0
-0.0008585,1,0,1,0
-0.000858,1,0,1,0
-0.0008575,1,0,1,0
-0.000857,0,0,1,0
-0.0008564999999999999,0,0,1,0
-0.000856,0,0,1,0
-0.0008555,0,1,1,0
-0.000855,0,1,1,0
-0.0008545,0,1,1,0
-0.000854,0,1,1,0
-0.0008535,0,1,1,0
-0.000853,0,1,1,0
-0.0008525,0,1,1,0
-0.000852,0,1,1,0
-0.0008515,0,1,0,0
-0.000851,0,1,0,0
-0.0008505,0,1,0,0
-0.00085,0,1,0,0
-0.0008495,0,1,0,0
-0.000849,0,1,0,0
-0.0008485,0,1,0,0
-0.000848,0,1,0,0
-0.0008474999999999999,0,1,0,0
-0.000847,0,1,0,0
-0.0008465,0,1,0,0
-0.000846,0,1,0,1
-0.0008455,0,1,0,1
-0.000845,0,1,0,1
-0.0008445,0,1,0,1
-0.000844,0,1,0,1
-0.0008435,0,1,0,1
-0.000843,0,1,0,1
-0.0008425,0,1,0,1
-0.000842,0,1,0,1
-0.0008415,0,1,0,1
-0.000841,0,1,0,1
-0.0008405,0,1,0,1
-0.00084,0,1,0,1
-0.0008395,0,1,0,1
-0.000839,0,1,0,1
-0.0008385000000000001,0,1,0,1
-0.000838,0,1,0,1
-0.0008375,0,1,0,1
-0.000837,1,1,0,1
-0.0008365,1,0,0,1
-0.000836,1,0,0,1
-0.0008355,1,0,0,1
-0.000835,1,0,0,1
-0.0008345,1,0,0,1
-0.000834,1,0,1,1
-0.0008335,1,0,1,1
-0.000833,1,0,1,1
-0.0008325,1,0,1,1
-0.0008319999999999999,1,0,1,1
-0.0008315,1,0,1,1
-0.000831,1,0,1,1
-0.0008305,1,0,1,0
-0.00083,1,0,1,0
-0.0008295000000000001,1,0,1,0
-0.000829,1,0,1,0
-0.0008285,1,0,1,0
-0.000828,1,0,1,0
-0.0008275,1,0,1,0
-0.000827,1,0,1,0
-0.0008265,1,0,1,0
-0.000826,1,0,1,0
-0.0008255,1,0,1,0
-0.000825,1,0,1,0
-0.0008245,1,0,1,0
-0.000824,1,0,1,0
-0.0008235,1,0,1,0
-0.0008229999999999999,1,0,1,0
-0.0008225,1,0,1,0
-0.000822,1,0,1,0
-0.0008215,1,0,1,0
-0.000821,1,0,1,0
-0.0008205,1,0,1,0
-0.00082,1,0,1,0
-0.0008195,1,0,1,0
-0.000819,1,0,1,0
-0.0008185,1,0,1,0
-0.000818,1,0,1,0
-0.0008175,1,0,1,0
-0.000817,0,0,1,0
-0.0008165,0,0,1,0
-0.000816,0,0,1,0
-0.0008155,0,1,1,0
-0.000815,0,1,1,0
-0.0008145,0,1,1,0
-0.0008140000000000001,0,1,1,0
-0.0008135,0,1,1,0
-0.000813,0,1,1,0
-0.0008125,0,1,1,0
-0.000812,0,1,1,0
-0.0008115,0,1,0,0
-0.000811,0,1,0,0
-0.0008105,0,1,0,0
-0.00081,0,1,0,0
-0.0008095,0,1,0,0
-0.000809,0,1,0,0
-0.0008085,0,1,0,0
-0.000808,0,1,0,0
-0.0008074999999999999,0,1,0,0
-0.000807,0,1,0,0
-0.0008065,0,1,0,0
-0.000806,0,1,0,1
-0.0008055,0,1,0,1
-0.0008050000000000001,0,1,0,1
-0.0008045,0,1,0,1
-0.000804,0,1,0,1
-0.0008035,0,1,0,1
-0.000803,0,1,0,1
-0.0008025,0,1,0,1
-0.000802,0,1,0,1
-0.0008015,0,1,0,1
-0.000801,0,1,0,1
-0.0008005,0,1,0,1
-0.0008,0,1,0,1
-0.0007995,0,1,0,1
-0.000799,0,1,0,1
-0.0007984999999999999,0,1,0,1
-0.000798,0,1,0,1
-0.0007975,0,1,0,1
-0.000797,1,1,0,1
-0.0007965,1,0,0,1
-0.000796,1,0,0,1
-0.0007955,1,0,0,1
-0.000795,1,0,0,1
-0.0007945,1,0,0,1
-0.000794,1,0,1,1
-0.0007935,1,0,1,1
-0.000793,1,0,1,1
-0.0007925,1,0,1,1
-0.000792,1,0,1,1
-0.0007915,1,0,1,1
-0.000791,1,0,1,1
-0.0007905,1,0,1,0
-0.00079,1,0,1,0
-0.0007895000000000001,1,0,1,0
-0.000789,1,0,1,0
-0.0007885,1,0,1,0
-0.000788,1,0,1,0
-0.0007875,1,0,1,0
-0.000787,1,0,1,0
-0.0007865,1,0,1,0
-0.000786,1,0,1,0
-0.0007855,1,0,1,0
-0.000785,1,0,1,0
-0.0007845,1,0,1,0
-0.000784,1,0,1,0
-0.0007835,1,0,1,0
-0.000783,1,0,1,0
-0.0007825,1,0,1,0
-0.000782,1,0,1,0
-0.0007815,1,0,1,0
-0.000781,1,0,1,0
-0.0007805000000000001,1,0,1,0
-0.00078,1,0,1,0
-0.0007795,1,0,1,0
-0.000779,1,0,1,0
-0.0007785,1,0,1,0
-0.000778,1,0,1,0
-0.0007775,1,0,1,0
-0.000777,0,0,1,0
-0.0007765,0,0,1,0
-0.000776,0,0,1,0
-0.0007755,0,1,1,0
-0.000775,0,1,1,0
-0.0007745,0,1,1,0
-0.0007739999999999999,0,1,1,0
-0.0007735,0,1,1,0
-0.000773,0,1,1,0
-0.0007725,0,1,1,0
-0.000772,0,1,1,0
-0.0007715000000000001,0,1,0,0
-0.000771,0,1,0,0
-0.0007705,0,1,0,0
-0.00077,0,1,0,0
-0.0007695,0,1,0,0
-0.000769,0,1,0,0
-0.0007685,0,1,0,0
-0.000768,0,1,0,0
-0.0007675,0,1,0,0
-0.000767,0,1,0,0
-0.0007665,0,1,0,0
-0.000766,0,1,0,1
-0.0007655,0,1,0,1
-0.0007649999999999999,0,1,0,1
-0.0007645,0,1,0,1
-0.000764,0,1,0,1
-0.0007635,0,1,0,1
-0.000763,0,1,0,1
-0.0007625,0,1,0,1
-0.000762,0,1,0,1
-0.0007615,0,1,0,1
-0.000761,0,1,0,1
-0.0007605,0,1,0,1
-0.00076,0,1,0,1
-0.0007595,0,1,0,1
-0.000759,0,1,0,1
-0.0007585,0,1,0,1
-0.000758,0,1,0,1
-0.0007575,0,1,0,1
-0.000757,1,1,0,1
-0.0007565,1,0,0,1
-0.0007560000000000001,1,0,0,1
-0.0007555,1,0,0,1
-0.000755,1,0,0,1
-0.0007545,1,0,0,1
-0.000754,1,0,1,1
-0.0007535,1,0,1,1
-0.000753,1,0,1,1
-0.0007525,1,0,1,1
-0.000752,1,0,1,1
-0.0007515,1,0,1,1
-0.000751,1,0,1,1
-0.0007505,1,0,1,0
-0.00075,1,0,1,0
-0.0007494999999999999,1,0,1,0
-0.000749,1,0,1,0
-0.0007485,1,0,1,0
-0.000748,1,0,1,0
-0.0007475,1,0,1,0
-0.0007470000000000001,1,0,1,0
-0.0007465,1,0,1,0
-0.000746,1,0,1,0
-0.0007455,1,0,1,0
-0.000745,1,0,1,0
-0.0007445,1,0,1,0
-0.000744,1,0,1,0
-0.0007435,1,0,1,0
-0.000743,1,0,1,0
-0.0007425,1,0,1,0
-0.000742,1,0,1,0
-0.0007415,1,0,1,0
-0.000741,1,0,1,0
-0.0007404999999999999,1,0,1,0
-0.00074,1,0,1,0
-0.0007395,1,0,1,0
-0.000739,1,0,1,0
-0.0007385,1,0,1,0
-0.000738,1,0,1,0
-0.0007375,1,0,1,0
-0.000737,0,0,1,0
-0.0007365,0,0,1,0
-0.000736,0,0,1,0
-0.0007355,0,1,1,0
-0.000735,0,1,1,0
-0.0007345,0,1,1,0
-0.000734,0,1,1,0
-0.0007335,0,1,1,0
-0.000733,0,1,1,0
-0.0007325,0,1,1,0
-0.000732,0,1,1,0
-0.0007315000000000001,0,1,0,0
-0.000731,0,1,0,0
-0.0007305,0,1,0,0
-0.00073,0,1,0,0
-0.0007295,0,1,0,0
-0.000729,0,1,0,0
-0.0007285,0,1,0,0
-0.000728,0,1,0,0
-0.0007275,0,1,0,0
-0.000727,0,1,0,0
-0.0007265,0,1,0,0
-0.000726,0,1,0,1
-0.0007255,0,1,0,1
-0.000725,0,1,0,1
-0.0007245,0,1,0,1
-0.000724,0,1,0,1
-0.0007235,0,1,0,1
-0.000723,0,1,0,1
-0.0007225000000000001,0,1,0,1
-0.000722,0,1,0,1
-0.0007215,0,1,0,1
-0.000721,0,1,0,1
-0.0007205,0,1,0,1
-0.00072,0,1,0,1
-0.0007195,0,1,0,1
-0.000719,0,1,0,1
-0.0007185,0,1,0,1
-0.000718,0,1,0,1
-0.0007175,0,1,0,1
-0.000717,1,1,0,1
-0.0007165,1,0,0,1
-0.0007159999999999999,1,0,0,1
-0.0007155,1,0,0,1
-0.000715,1,0,0,1
-0.0007145,1,0,0,1
-0.000714,1,0,1,1
-0.0007135,1,0,1,1
-0.000713,1,0,1,1
-0.0007125,1,0,1,1
-0.000712,1,0,1,1
-0.0007115,1,0,1,1
-0.000711,1,0,1,1
-0.0007105,1,0,1,0
-0.00071,1,0,1,0
-0.0007095,1,0,1,0
-0.000709,1,0,1,0
-0.0007085,1,0,1,0
-0.000708,1,0,1,0
-0.0007075,1,0,1,0
-0.0007069999999999999,1,0,1,0
-0.0007065,1,0,1,0
-0.000706,1,0,1,0
-0.0007055,1,0,1,0
-0.000705,1,0,1,0
-0.0007045,1,0,1,0
-0.000704,1,0,1,0
-0.0007035,1,0,1,0
-0.000703,1,0,1,0
-0.0007025,1,0,1,0
-0.000702,1,0,1,0
-0.0007015,1,0,1,0
-0.000701,1,0,1,0
-0.0007005,1,0,1,0
-0.0007,1,0,1,0
-0.0006995,1,0,1,0
-0.000699,1,0,1,0
-0.0006985,1,0,1,0
-0.0006980000000000001,1,0,1,0
-0.0006975,1,0,1,0
-0.000697,0,0,1,0
-0.0006965,0,0,1,0
-0.000696,0,0,1,0
-0.0006955,0,1,1,0
-0.000695,0,1,1,0
-0.0006945,0,1,1,0
-0.000694,0,1,1,0
-0.0006935,0,1,1,0
-0.000693,0,1,1,0
-0.0006925,0,1,1,0
-0.000692,0,1,1,0
-0.0006914999999999999,0,1,0,0
-0.000691,0,1,0,0
-0.0006905,0,1,0,0
-0.00069,0,1,0,0
-0.0006895,0,1,0,0
-0.0006890000000000001,0,1,0,0
-0.0006885,0,1,0,0
-0.000688,0,1,0,0
-0.0006875,0,1,0,0
-0.000687,0,1,0,0
-0.0006865,0,1,0,0
-0.000686,0,1,0,1
-0.0006855,0,1,0,1
-0.000685,0,1,0,1
-0.0006845,0,1,0,1
-0.000684,0,1,0,1
-0.0006835,0,1,0,1
-0.000683,0,1,0,1
-0.0006824999999999999,0,1,0,1
-0.000682,0,1,0,1
-0.0006815,0,1,0,1
-0.000681,0,1,0,1
-0.0006805,0,1,0,1
-0.00068,0,1,0,1
-0.0006795,0,1,0,1
-0.000679,0,1,0,1
-0.0006785,0,1,0,1
-0.000678,0,1,0,1
-0.0006775,0,1,0,1
-0.000677,1,1,0,1
-0.0006765,1,0,0,1
-0.000676,1,0,0,1
-0.0006755,1,0,0,1
-0.000675,1,0,0,1
-0.0006745,1,0,0,1
-0.000674,1,0,1,1
-0.0006735000000000001,1,0,1,1
-0.000673,1,0,1,1
-0.0006725,1,0,1,1
-0.000672,1,0,1,1
-0.0006715,1,0,1,1
-0.000671,1,0,1,1
-0.0006705,1,0,1,0
-0.00067,1,0,1,0
-0.0006695,1,0,1,0
-0.000669,1,0,1,0
-0.0006685,1,0,1,0
-0.000668,1,0,1,0
-0.0006675,1,0,1,0
-0.0006669999999999999,1,0,1,0
-0.0006665,1,0,1,0
-0.000666,1,0,1,0
-0.0006655,1,0,1,0
-0.000665,1,0,1,0
-0.0006645000000000001,1,0,1,0
-0.000664,1,0,1,0
-0.0006635,1,0,1,0
-0.000663,1,0,1,0
-0.0006625,1,0,1,0
-0.000662,1,0,1,0
-0.0006615,1,0,1,0
-0.000661,1,0,1,0
-0.0006605,1,0,1,0
-0.00066,1,0,1,0
-0.0006595,1,0,1,0
-0.000659,1,0,1,0
-0.0006585,1,0,1,0
-0.0006579999999999999,1,0,1,0
-0.0006575,1,0,1,0
-0.000657,0,0,1,0
-0.0006565,0,0,1,0
-0.000656,0,0,1,0
-0.0006555,0,1,1,0
-0.000655,0,1,1,0
-0.0006545,0,1,1,0
-0.000654,0,1,1,0
-0.0006535,0,1,1,0
-0.000653,0,1,1,0
-0.0006525,0,1,1,0
-0.000652,0,1,1,0
-0.0006515,0,1,0,0
-0.000651,0,1,0,0
-0.0006505,0,1,0,0
-0.00065,0,1,0,0
-0.0006495,0,1,0,0
-0.0006489999999999999,0,1,0,0
-0.0006485,0,1,0,0
-0.000648,0,1,0,0
-0.0006475,0,1,0,0
-0.000647,0,1,0,0
-0.0006465,0,1,0,0
-0.000646,0,1,0,1
-0.0006455,0,1,0,1
-0.000645,0,1,0,1
-0.0006445,0,1,0,1
-0.000644,0,1,0,1
-0.0006435,0,1,0,1
-0.000643,0,1,0,1
-0.0006425,0,1,0,1
-0.000642,0,1,0,1
-0.0006415,0,1,0,1
-0.000641,0,1,0,1
-0.0006405,0,1,0,1
-0.0006400000000000001,0,1,0,1
-0.0006395,0,1,0,1
-0.000639,0,1,0,1
-0.0006385,0,1,0,1
-0.000638,0,1,0,1
-0.0006375,0,1,0,1
-0.000637,1,1,0,1
-0.0006365,1,0,0,1
-0.000636,1,0,0,1
-0.0006355,1,0,0,1
-0.000635,1,0,0,1
-0.0006345,1,0,0,1
-0.000634,1,0,1,1
-0.0006334999999999999,1,0,1,1
-0.000633,1,0,1,1
-0.0006325,1,0,1,1
-0.000632,1,0,1,1
-0.0006315,1,0,1,1
-0.0006310000000000001,1,0,1,1
-0.0006305,1,0,1,0
-0.00063,1,0,1,0
-0.0006295,1,0,1,0
-0.000629,1,0,1,0
-0.0006285,1,0,1,0
-0.000628,1,0,1,0
-0.0006275,1,0,1,0
-0.000627,1,0,1,0
-0.0006265,1,0,1,0
-0.000626,1,0,1,0
-0.0006255,1,0,1,0
-0.000625,1,0,1,0
-0.0006244999999999999,1,0,1,0
-0.000624,1,0,1,0
-0.0006235,1,0,1,0
-0.000623,1,0,1,0
-0.0006225,1,0,1,0
-0.000622,1,0,1,0
-0.0006215,1,0,1,0
-0.000621,1,0,1,0
-0.0006205,1,0,1,0
-0.00062,1,0,1,0
-0.0006195,1,0,1,0
-0.000619,1,0,1,0
-0.0006185,1,0,1,0
-0.000618,1,0,1,0
-0.0006175,1,0,1,0
-0.000617,0,0,1,0
-0.0006165,0,0,1,0
-0.000616,0,0,1,0
-0.0006155000000000001,0,1,1,0
-0.000615,0,1,1,0
-0.0006145,0,1,1,0
-0.000614,0,1,1,0
-0.0006135,0,1,1,0
-0.000613,0,1,1,0
-0.0006125,0,1,1,0
-0.000612,0,1,1,0
-0.0006115,0,1,0,0
-0.000611,0,1,0,0
-0.0006105,0,1,0,0
-0.00061,0,1,0,0
-0.0006095,0,1,0,0
-0.0006089999999999999,0,1,0,0
-0.0006085,0,1,0,0
-0.000608,0,1,0,0
-0.0006075,0,1,0,0
-0.000607,0,1,0,0
-0.0006065000000000001,0,1,0,0
-0.000606,0,1,0,1
-0.0006055,0,1,0,1
-0.000605,0,1,0,1
-0.0006045,0,1,0,1
-0.000604,0,1,0,1
-0.0006035,0,1,0,1
-0.000603,0,1,0,1
-0.0006025,0,1,0,1
-0.000602,0,1,0,1
-0.0006015,0,1,0,1
-0.000601,0,1,0,1
-0.0006005,0,1,0,1
-0.0005999999999999999,0,1,0,1
-0.0005995,0,1,0,1
-0.000599,0,1,0,1
-0.0005985,0,1,0,1
-0.000598,0,1,0,1
-0.0005975,0,1,0,1
-0.000597,1,1,0,1
-0.0005965,1,0,0,1
-0.000596,1,0,0,1
-0.0005955,1,0,0,1
-0.000595,1,0,0,1
-0.0005945,1,0,0,1
-0.000594,1,0,1,1
-0.0005935,1,0,1,1
-0.000593,1,0,1,1
-0.0005925,1,0,1,1
-0.000592,1,0,1,1
-0.0005915,1,0,1,1
-0.0005910000000000001,1,0,1,1
-0.0005905,1,0,1,0
-0.00059,1,0,1,0
-0.0005895,1,0,1,0
-0.000589,1,0,1,0
-0.0005885,1,0,1,0
-0.000588,1,0,1,0
-0.0005875,1,0,1,0
-0.000587,1,0,1,0
-0.0005865,1,0,1,0
-0.000586,1,0,1,0
-0.0005855,1,0,1,0
-0.000585,1,0,1,0
-0.0005845,1,0,1,0
-0.000584,1,0,1,0
-0.0005835,1,0,1,0
-0.000583,1,0,1,0
-0.0005825,1,0,1,0
-0.0005820000000000001,1,0,1,0
-0.0005815,1,0,1,0
-0.000581,1,0,1,0
-0.0005805,1,0,1,0
-0.00058,1,0,1,0
-0.0005795,1,0,1,0
-0.000579,1,0,1,0
-0.0005785,1,0,1,0
-0.000578,1,0,1,0
-0.0005775,1,0,1,0
-0.000577,0,0,1,0
-0.0005765,0,0,1,0
-0.000576,0,0,1,0
-0.0005754999999999999,0,1,1,0
-0.000575,0,1,1,0
-0.0005745,0,1,1,0
-0.000574,0,1,1,0
-0.0005735,0,1,1,0
-0.0005730000000000001,0,1,1,0
-0.0005725,0,1,1,0
-0.000572,0,1,1,0
-0.0005715,0,1,0,0
-0.000571,0,1,0,0
-0.0005705,0,1,0,0
-0.00057,0,1,0,0
-0.0005695,0,1,0,0
-0.000569,0,1,0,0
-0.0005685,0,1,0,0
-0.000568,0,1,0,0
-0.0005675,0,1,0,0
-0.000567,0,1,0,0
-0.0005664999999999999,0,1,0,0
-0.000566,0,1,0,1
-0.0005655,0,1,0,1
-0.000565,0,1,0,1
-0.0005645,0,1,0,1
-0.000564,0,1,0,1
-0.0005635,0,1,0,1
-0.000563,0,1,0,1
-0.0005625,0,1,0,1
-0.000562,0,1,0,1
-0.0005615,0,1,0,1
-0.000561,0,1,0,1
-0.0005605,0,1,0,1
-0.00056,0,1,0,1
-0.0005595,0,1,0,1
-0.000559,0,1,0,1
-0.0005585,0,1,0,1
-0.000558,0,1,0,1
-0.0005575000000000001,0,1,0,1
-0.000557,1,1,0,1
-0.0005565,1,0,0,1
-0.000556,1,0,0,1
-0.0005555,1,0,0,1
-0.000555,1,0,0,1
-0.0005545,1,0,0,1
-0.000554,1,0,1,1
-0.0005535,1,0,1,1
-0.000553,1,0,1,1
-0.0005525,1,0,1,1
-0.000552,1,0,1,1
-0.0005515,1,0,1,1
-0.0005509999999999999,1,0,1,1
-0.0005505,1,0,1,0
-0.00055,1,0,1,0
-0.0005495,1,0,1,0
-0.000549,1,0,1,0
-0.0005485000000000001,1,0,1,0
-0.000548,1,0,1,0
-0.0005475,1,0,1,0
-0.000547,1,0,1,0
-0.0005465,1,0,1,0
-0.000546,1,0,1,0
-0.0005455,1,0,1,0
-0.000545,1,0,1,0
-0.0005445,1,0,1,0
-0.000544,1,0,1,0
-0.0005435,1,0,1,0
-0.000543,1,0,1,0
-0.0005425,1,0,1,0
-0.0005419999999999999,1,0,1,0
-0.0005415,1,0,1,0
-0.000541,1,0,1,0
-0.0005405,1,0,1,0
-0.00054,1,0,1,0
-0.0005395,1,0,1,0
-0.000539,1,0,1,0
-0.0005385,1,0,1,0
-0.000538,1,0,1,0
-0.0005375,1,0,1,0
-0.000537,0,0,1,0
-0.0005365,0,0,1,0
-0.000536,0,0,1,0
-0.0005355,0,1,1,0
-0.000535,0,1,1,0
-0.0005345,0,1,1,0
-0.000534,0,1,1,0
-0.0005335,0,1,1,0
-0.0005330000000000001,0,1,1,0
-0.0005325,0,1,1,0
-0.000532,0,1,1,0
-0.0005315,0,1,0,0
-0.000531,0,1,0,0
-0.0005305,0,1,0,0
-0.00053,0,1,0,0
-0.0005295,0,1,0,0
-0.000529,0,1,0,0
-0.0005285,0,1,0,0
-0.000528,0,1,0,0
-0.0005275,0,1,0,0
-0.000527,0,1,0,0
-0.0005264999999999999,0,1,0,0
-0.000526,0,1,0,1
-0.0005255,0,1,0,1
-0.000525,0,1,0,1
-0.0005245,0,1,0,1
-0.0005240000000000001,0,1,0,1
-0.0005235,0,1,0,1
-0.000523,0,1,0,1
-0.0005225,0,1,0,1
-0.000522,0,1,0,1
-0.0005215,0,1,0,1
-0.000521,0,1,0,1
-0.0005205,0,1,0,1
-0.00052,0,1,0,1
-0.0005195,0,1,0,1
-0.000519,0,1,0,1
-0.0005185,0,1,0,1
-0.000518,0,1,0,1
-0.0005174999999999999,0,1,0,1
-0.000517,1,1,0,1
-0.0005165,1,0,0,1
-0.000516,1,0,0,1
-0.0005155,1,0,0,1
-0.000515,1,0,0,1
-0.0005145,1,0,0,1
-0.000514,1,0,1,1
-0.0005135,1,0,1,1
-0.000513,1,0,1,1
-0.0005125,1,0,1,1
-0.000512,1,0,1,1
-0.0005115,1,0,1,1
-0.000511,1,0,1,1
-0.0005105,1,0,1,0
-0.00051,1,0,1,0
-0.0005095,1,0,1,0
-0.000509,1,0,1,0
-0.0005084999999999999,1,0,1,0
-0.000508,1,0,1,0
-0.0005075,1,0,1,0
-0.000507,1,0,1,0
-0.0005065,1,0,1,0
-0.000506,1,0,1,0
-0.0005055,1,0,1,0
-0.000505,1,0,1,0
-0.0005045,1,0,1,0
-0.000504,1,0,1,0
-0.0005035,1,0,1,0
-0.000503,1,0,1,0
-0.0005025,1,0,1,0
-0.000502,1,0,1,0
-0.0005015,1,0,1,0
-0.000501,1,0,1,0
-0.0005005,1,0,1,0
-0.0005,1,0,1,0
-0.0004995000000000001,1,0,1,0
-0.000499,1,0,1,0
-0.0004985,1,0,1,0
-0.000498,1,0,1,0
-0.0004975,1,0,1,0
-0.000497,0,0,1,0
-0.0004965,0,0,1,0
-0.000496,0,0,1,0
-0.0004955,0,1,1,0
-0.000495,0,1,1,0
-0.0004945,0,1,1,0
-0.000494,0,1,1,0
-0.0004935,0,1,1,0
-0.0004929999999999999,0,1,1,0
-0.0004925,0,1,1,0
-0.000492,0,1,1,0
-0.0004915,0,1,0,0
-0.000491,0,1,0,0
-0.0004905000000000001,0,1,0,0
-0.00049,0,1,0,0
-0.0004895,0,1,0,0
-0.000489,0,1,0,0
-0.0004885,0,1,0,0
-0.000488,0,1,0,0
-0.0004875,0,1,0,0
-0.000487,0,1,0,0
-0.0004865,0,1,0,0
-0.000486,0,1,0,1
-0.0004855,0,1,0,1
-0.000485,0,1,0,1
-0.0004845,0,1,0,1
-0.000484,0,1,0,1
-0.0004835,0,1,0,1
-0.000483,0,1,0,1
-0.0004825,0,1,0,1
-0.000482,0,1,0,1
-0.0004815,0,1,0,1
-0.000481,0,1,0,1
-0.0004805,0,1,0,1
-0.00048,0,1,0,1
-0.0004795,0,1,0,1
-0.000479,0,1,0,1
-0.0004785,0,1,0,1
-0.000478,0,1,0,1
-0.0004775,0,1,0,1
-0.000477,1,1,0,1
-0.0004765,1,0,0,1
-0.000476,1,0,0,1
-0.0004755,1,0,0,1
-0.000475,1,0,0,1
-0.0004745,1,0,0,1
-0.000474,1,0,1,1
-0.0004735,1,0,1,1
-0.000473,1,0,1,1
-0.0004725,1,0,1,1
-0.000472,1,0,1,1
-0.0004715,1,0,1,1
-0.000471,1,0,1,1
-0.0004705,1,0,1,0
-0.00047,1,0,1,0
-0.0004695,1,0,1,0
-0.000469,1,0,1,0
-0.0004685,1,0,1,0
-0.000468,1,0,1,0
-0.0004675,1,0,1,0
-0.000467,1,0,1,0
-0.0004665,1,0,1,0
-0.000466,1,0,1,0
-0.0004655,1,0,1,0
-0.000465,1,0,1,0
-0.0004645,1,0,1,0
-0.000464,1,0,1,0
-0.0004635,1,0,1,0
-0.000463,1,0,1,0
-0.0004625,1,0,1,0
-0.000462,1,0,1,0
-0.0004615,1,0,1,0
-0.000461,1,0,1,0
-0.0004605,1,0,1,0
-0.00046,1,0,1,0
-0.0004595,1,0,1,0
-0.000459,1,0,1,0
-0.0004585,1,0,1,0
-0.000458,1,0,1,0
-0.0004575,1,0,1,0
-0.000457,0,0,1,0
-0.0004565,0,0,1,0
-0.000456,0,0,1,0
-0.0004555,0,1,1,0
-0.000455,0,1,1,0
-0.0004545,0,1,1,0
-0.000454,0,1,1,0
-0.0004535,0,1,1,0
-0.000453,0,1,1,0
-0.0004525,0,1,1,0
-0.000452,0,1,1,0
-0.0004515,0,1,0,0
-0.000451,0,1,0,0
-0.0004505,0,1,0,0
-0.00045,0,1,0,0
-0.0004495,0,1,0,0
-0.000449,0,1,0,0
-0.0004485,0,1,0,0
-0.000448,0,1,0,0
-0.0004475,0,1,0,0
-0.000447,0,1,0,0
-0.0004465,0,1,0,0
-0.000446,0,1,0,1
-0.0004455,0,1,0,1
-0.000445,0,1,0,1
-0.0004445,0,1,0,1
-0.000444,0,1,0,1
-0.0004435,0,1,0,1
-0.000443,0,1,0,1
-0.0004425,0,1,0,1
-0.000442,0,1,0,1
-0.0004415,0,1,0,1
-0.000441,0,1,0,1
-0.0004405,0,1,0,1
-0.00044,0,1,0,1
-0.0004395,0,1,0,1
-0.000439,0,1,0,1
-0.0004385,0,1,0,1
-0.000438,0,1,0,1
-0.0004375,0,1,0,1
-0.000437,1,1,0,1
-0.0004365,1,0,0,1
-0.000436,1,0,0,1
-0.0004355,1,0,0,1
-0.000435,1,0,0,1
-0.0004345,1,0,0,1
-0.000434,1,0,1,1
-0.0004335,1,0,1,1
-0.000433,1,0,1,1
-0.0004325,1,0,1,1
-0.000432,1,0,1,1
-0.0004315,1,0,1,1
-0.000431,1,0,1,1
-0.0004305,1,0,1,0
-0.00043,1,0,1,0
-0.0004295,1,0,1,0
-0.000429,1,0,1,0
-0.0004285,1,0,1,0
-0.000428,1,0,1,0
-0.0004275,1,0,1,0
-0.000427,1,0,1,0
-0.0004265,1,0,1,0
-0.000426,1,0,1,0
-0.0004255,1,0,1,0
-0.000425,1,0,1,0
-0.0004245,1,0,1,0
-0.000424,1,0,1,0
-0.0004235,1,0,1,0
-0.000423,1,0,1,0
-0.0004225,1,0,1,0
-0.000422,1,0,1,0
-0.0004215,1,0,1,0
-0.000421,1,0,1,0
-0.0004205,1,0,1,0
-0.00042,1,0,1,0
-0.0004195,1,0,1,0
-0.000419,1,0,1,0
-0.0004185,1,0,1,0
-0.000418,1,0,1,0
-0.0004175,1,0,1,0
-0.000417,0,0,1,0
-0.0004165,0,0,1,0
-0.000416,0,0,1,0
-0.0004155,0,1,1,0
-0.000415,0,1,1,0
-0.0004145,0,1,1,0
-0.000414,0,1,1,0
-0.0004135,0,1,1,0
-0.000413,0,1,1,0
-0.0004125,0,1,1,0
-0.000412,0,1,1,0
-0.0004115,0,1,0,0
-0.000411,0,1,0,0
-0.0004105,0,1,0,0
-0.00041,0,1,0,0
-0.0004095,0,1,0,0
-0.000409,0,1,0,0
-0.0004085,0,1,0,0
-0.000408,0,1,0,0
-0.0004075,0,1,0,0
-0.000407,0,1,0,0
-0.0004065,0,1,0,0
-0.000406,0,1,0,1
-0.0004055,0,1,0,1
-0.000405,0,1,0,1
-0.0004045,0,1,0,1
-0.000404,0,1,0,1
-0.0004035,0,1,0,1
-0.000403,0,1,0,1
-0.0004025,0,1,0,1
-0.000402,0,1,0,1
-0.0004015,0,1,0,1
-0.000401,0,1,0,1
-0.0004005,0,1,0,1
-0.0004,0,1,0,1
-0.0003995,0,1,0,1
-0.000399,0,1,0,1
-0.0003985,0,1,0,1
-0.000398,0,1,0,1
-0.0003975,0,1,0,1
-0.000397,1,1,0,1
-0.0003965,1,0,0,1
-0.000396,1,0,0,1
-0.0003955,1,0,0,1
-0.000395,1,0,0,1
-0.0003945,1,0,0,1
-0.000394,1,0,1,1
-0.0003935,1,0,1,1
-0.000393,1,0,1,1
-0.0003925,1,0,1,1
-0.000392,1,0,1,1
-0.0003915,1,0,1,1
-0.000391,1,0,1,1
-0.0003905,1,0,1,0
-0.00039,1,0,1,0
-0.0003895,1,0,1,0
-0.000389,1,0,1,0
-0.0003885,1,0,1,0
-0.000388,1,0,1,0
-0.0003875,1,0,1,0
-0.000387,1,0,1,0
-0.0003865,1,0,1,0
-0.000386,1,0,1,0
-0.0003855,1,0,1,0
-0.000385,1,0,1,0
-0.0003845,1,0,1,0
-0.000384,1,0,1,0
-0.0003835,1,0,1,0
-0.000383,1,0,1,0
-0.0003825,1,0,1,0
-0.000382,1,0,1,0
-0.0003815,1,0,1,0
-0.000381,1,0,1,0
-0.0003805,1,0,1,0
-0.00038,1,0,1,0
-0.0003795,1,0,1,0
-0.000379,1,0,1,0
-0.0003785,1,0,1,0
-0.000378,1,0,1,0
-0.0003775,1,0,1,0
-0.000377,0,0,1,0
-0.0003765,0,0,1,0
-0.000376,0,0,1,0
-0.0003755,0,1,1,0
-0.000375,0,1,1,0
-0.0003745,0,1,1,0
-0.000374,0,1,1,0
-0.0003735,0,1,1,0
-0.000373,0,1,1,0
-0.0003725,0,1,1,0
-0.000372,0,1,1,0
-0.0003715,0,1,0,0
-0.000371,0,1,0,0
-0.0003705,0,1,0,0
-0.00037,0,1,0,0
-0.0003695,0,1,0,0
-0.000369,0,1,0,0
-0.0003685,0,1,0,0
-0.000368,0,1,0,0
-0.0003675,0,1,0,0
-0.000367,0,1,0,0
-0.0003665,0,1,0,0
-0.000366,0,1,0,1
-0.0003655,0,1,0,1
-0.000365,0,1,0,1
-0.0003645,0,1,0,1
-0.000364,0,1,0,1
-0.0003635,0,1,0,1
-0.000363,0,1,0,1
-0.0003625,0,1,0,1
-0.000362,0,1,0,1
-0.0003615,0,1,0,1
-0.000361,0,1,0,1
-0.0003605,0,1,0,1
-0.00036,0,1,0,1
-0.0003595,0,1,0,1
-0.000359,0,1,0,1
-0.0003585,0,1,0,1
-0.000358,0,1,0,1
-0.0003575,0,1,0,1
-0.000357,1,1,0,1
-0.0003565,1,0,0,1
-0.000356,1,0,0,1
-0.0003555,1,0,0,1
-0.000355,1,0,0,1
-0.0003545,1,0,0,1
-0.000354,1,0,1,1
-0.0003535,1,0,1,1
-0.000353,1,0,1,1
-0.0003525,1,0,1,1
-0.000352,1,0,1,1
-0.0003515,1,0,1,1
-0.000351,1,0,1,1
-0.0003505,1,0,1,0
-0.00035,1,0,1,0
-0.0003495,1,0,1,0
-0.000349,1,0,1,0
-0.0003485,1,0,1,0
-0.000348,1,0,1,0
-0.0003475,1,0,1,0
-0.000347,1,0,1,0
-0.0003465,1,0,1,0
-0.000346,1,0,1,0
-0.0003455,1,0,1,0
-0.000345,1,0,1,0
-0.0003445,1,0,1,0
-0.000344,1,0,1,0
-0.0003435,1,0,1,0
-0.000343,1,0,1,0
-0.0003425,1,0,1,0
-0.000342,1,0,1,0
-0.0003415,1,0,1,0
-0.000341,1,0,1,0
-0.0003405,1,0,1,0
-0.00034,1,0,1,0
-0.0003395,1,0,1,0
-0.000339,1,0,1,0
-0.0003385,1,0,1,0
-0.000338,1,0,1,0
-0.0003375,1,0,1,0
-0.000337,0,0,1,0
-0.0003365,0,0,1,0
-0.000336,0,0,1,0
-0.0003355,0,1,1,0
-0.000335,0,1,1,0
-0.0003345,0,1,1,0
-0.000334,0,1,1,0
-0.0003335,0,1,1,0
-0.000333,0,1,1,0
-0.0003325,0,1,1,0
-0.000332,0,1,1,0
-0.0003315,0,1,0,0
-0.000331,0,1,0,0
-0.0003305,0,1,0,0
-0.00033,0,1,0,0
-0.0003295,0,1,0,0
-0.000329,0,1,0,0
-0.0003285,0,1,0,0
-0.000328,0,1,0,0
-0.0003275,0,1,0,0
-0.000327,0,1,0,0
-0.0003265,0,1,0,0
-0.000326,0,1,0,1
-0.0003255,0,1,0,1
-0.000325,0,1,0,1
-0.0003245,0,1,0,1
-0.000324,0,1,0,1
-0.0003235,0,1,0,1
-0.000323,0,1,0,1
-0.0003225,0,1,0,1
-0.000322,0,1,0,1
-0.0003215,0,1,0,1
-0.000321,0,1,0,1
-0.0003205,0,1,0,1
-0.00032,0,1,0,1
-0.0003195,0,1,0,1
-0.000319,0,1,0,1
-0.0003185,0,1,0,1
-0.000318,0,1,0,1
-0.0003175,0,1,0,1
-0.000317,1,1,0,1
-0.0003165,1,0,0,1
-0.000316,1,0,0,1
-0.0003155,1,0,0,1
-0.000315,1,0,0,1
-0.0003145,1,0,0,1
-0.000314,1,0,1,1
-0.0003135,1,0,1,1
-0.000313,1,0,1,1
-0.0003125,1,0,1,1
-0.000312,1,0,1,1
-0.0003115,1,0,1,1
-0.000311,1,0,1,1
-0.0003105,1,0,1,0
-0.00031,1,0,1,0
-0.0003095,1,0,1,0
-0.000309,1,0,1,0
-0.0003085,1,0,1,0
-0.000308,1,0,1,0
-0.0003075,1,0,1,0
-0.000307,1,0,1,0
-0.0003065,1,0,1,0
-0.000306,1,0,1,0
-0.0003055,1,0,1,0
-0.000305,1,0,1,0
-0.0003045,1,0,1,0
-0.000304,1,0,1,0
-0.0003035,1,0,1,0
-0.000303,1,0,1,0
-0.0003025,1,0,1,0
-0.000302,1,0,1,0
-0.0003015,1,0,1,0
-0.000301,1,0,1,0
-0.0003005,1,0,1,0
-0.0003,1,0,1,0
-0.0002995,1,0,1,0
-0.000299,1,0,1,0
-0.0002985,1,0,1,0
-0.000298,1,0,1,0
-0.0002975,1,0,1,0
-0.000297,0,0,1,0
-0.0002965,0,0,1,0
-0.000296,0,0,1,0
-0.0002955,0,1,1,0
-0.000295,0,1,1,0
-0.0002945,0,1,1,0
-0.000294,0,1,1,0
-0.0002935,0,1,1,0
-0.000293,0,1,1,0
-0.0002925,0,1,1,0
-0.000292,0,1,1,0
-0.0002915,0,1,0,0
-0.000291,0,1,0,0
-0.0002905,0,1,0,0
-0.00029,0,1,0,0
-0.0002895,0,1,0,0
-0.000289,0,1,0,0
-0.0002885,0,1,0,0
-0.000288,0,1,0,0
-0.0002875,0,1,0,0
-0.000287,0,1,0,0
-0.0002865,0,1,0,0
-0.000286,0,1,0,1
-0.0002855,0,1,0,1
-0.000285,0,1,0,1
-0.0002845,0,1,0,1
-0.000284,0,1,0,1
-0.0002835,0,1,0,1
-0.000283,0,1,0,1
-0.0002825,0,1,0,1
-0.000282,0,1,0,1
-0.0002815,0,1,0,1
-0.000281,0,1,0,1
-0.0002805,0,1,0,1
-0.00028,0,1,0,1
-0.0002795,0,1,0,1
-0.000279,0,1,0,1
-0.0002785,0,1,0,1
-0.000278,0,1,0,1
-0.0002775,0,1,0,1
-0.000277,1,1,0,1
-0.0002765,1,0,0,1
-0.000276,1,0,0,1
-0.0002755,1,0,0,1
-0.000275,1,0,0,1
-0.0002745,1,0,0,1
-0.000274,1,0,1,1
-0.0002735,1,0,1,1
-0.000273,1,0,1,1
-0.0002725,1,0,1,1
-0.000272,1,0,1,1
-0.0002715,1,0,1,1
-0.000271,1,0,1,1
-0.0002705,1,0,1,0
-0.00027,1,0,1,0
-0.0002695,1,0,1,0
-0.000269,1,0,1,0
-0.0002685,1,0,1,0
-0.000268,1,0,1,0
-0.0002675,1,0,1,0
-0.000267,1,0,1,0
-0.0002665,1,0,1,0
-0.000266,1,0,1,0
-0.0002655,1,0,1,0
-0.000265,1,0,1,0
-0.0002645,1,0,1,0
-0.000264,1,0,1,0
-0.0002635,1,0,1,0
-0.000263,1,0,1,0
-0.0002625,1,0,1,0
-0.000262,1,0,1,0
-0.0002615,1,0,1,0
-0.000261,1,0,1,0
-0.0002605,1,0,1,0
-0.00026,1,0,1,0
-0.0002595,1,0,1,0
-0.000259,1,0,1,0
-0.0002585,1,0,1,0
-0.000258,1,0,1,0
-0.0002575,1,0,1,0
-0.000257,0,0,1,0
-0.0002565,0,0,1,0
-0.000256,0,0,1,0
-0.0002555,0,1,1,0
-0.000255,0,1,1,0
-0.0002545,0,1,1,0
-0.000254,0,1,1,0
-0.0002535,0,1,1,0
-0.000253,0,1,1,0
-0.0002525,0,1,1,0
-0.000252,0,1,1,0
-0.0002515,0,1,0,0
-0.000251,0,1,0,0
-0.0002505,0,1,0,0
-0.00025,0,1,0,0
-0.0002495,0,1,0,0
-0.000249,0,1,0,0
-0.0002485,0,1,0,0
-0.000248,0,1,0,0
-0.0002475,0,1,0,0
-0.000247,0,1,0,0
-0.0002465,0,1,0,0
-0.000246,0,1,0,1
-0.0002455,0,1,0,1
-0.000245,0,1,0,1
-0.0002445,0,1,0,1
-0.000244,0,1,0,1
-0.0002435,0,1,0,1
-0.000243,0,1,0,1
-0.0002425,0,1,0,1
-0.000242,0,1,0,1
-0.0002415,0,1,0,1
-0.000241,0,1,0,1
-0.0002405,0,1,0,1
-0.00024,0,1,0,1
-0.0002395,0,1,0,1
-0.000239,0,1,0,1
-0.0002385,0,1,0,1
-0.000238,0,1,0,1
-0.0002375,0,1,0,1
-0.000237,1,1,0,1
-0.0002365,1,0,0,1
-0.000236,1,0,0,1
-0.0002355,1,0,0,1
-0.000235,1,0,0,1
-0.0002345,1,0,0,1
-0.000234,1,0,1,1
-0.0002335,1,0,1,1
-0.000233,1,0,1,1
-0.0002325,1,0,1,1
-0.000232,1,0,1,1
-0.0002315,1,0,1,1
-0.000231,1,0,1,1
-0.0002305,1,0,1,0
-0.00023,1,0,1,0
-0.0002295,1,0,1,0
-0.000229,1,0,1,0
-0.0002285,1,0,1,0
-0.000228,1,0,1,0
-0.0002275,1,0,1,0
-0.000227,1,0,1,0
-0.0002265,1,0,1,0
-0.000226,1,0,1,0
-0.0002255,1,0,1,0
-0.000225,1,0,1,0
-0.0002245,1,0,1,0
-0.000224,1,0,1,0
-0.0002235,1,0,1,0
-0.000223,1,0,1,0
-0.0002225,1,0,1,0
-0.000222,1,0,1,0
-0.0002215,1,0,1,0
-0.000221,1,0,1,0
-0.0002205,1,0,1,0
-0.00022,1,0,1,0
-0.0002195,1,0,1,0
-0.000219,1,0,1,0
-0.0002185,1,0,1,0
-0.000218,1,0,1,0
-0.0002175,1,0,1,0
-0.000217,0,0,1,0
-0.0002165,0,0,1,0
-0.000216,0,0,1,0
-0.0002155,0,1,1,0
-0.000215,0,1,1,0
-0.0002145,0,1,1,0
-0.000214,0,1,1,0
-0.0002135,0,1,1,0
-0.000213,0,1,1,0
-0.0002125,0,1,1,0
-0.000212,0,1,1,0
-0.0002115,0,1,0,0
-0.000211,0,1,0,0
-0.0002105,0,1,0,0
-0.00021,0,1,0,0
-0.0002095,0,1,0,0
-0.000209,0,1,0,0
-0.0002085,0,1,0,0
-0.000208,0,1,0,0
-0.0002075,0,1,0,0
-0.000207,0,1,0,0
-0.0002065,0,1,0,0
-0.000206,0,1,0,1
-0.0002055,0,1,0,1
-0.000205,0,1,0,1
-0.0002045,0,1,0,1
-0.000204,0,1,0,1
-0.0002035,0,1,0,1
-0.000203,0,1,0,1
-0.0002025,0,1,0,1
-0.000202,0,1,0,1
-0.0002015,0,1,0,1
-0.000201,0,1,0,1
-0.0002005,0,1,0,1
-0.0002,0,1,0,1
-0.0001995,0,1,0,1
-0.000199,0,1,0,1
-0.0001985,0,1,0,1
-0.000198,0,1,0,1
-0.0001975,0,1,0,1
-0.000197,1,1,0,1
-0.0001965,1,0,0,1
-0.000196,1,0,0,1
-0.0001955,1,0,0,1
-0.000195,1,0,0,1
-0.0001945,1,0,0,1
-0.000194,1,0,1,1
-0.0001935,1,0,1,1
-0.000193,1,0,1,1
-0.0001925,1,0,1,1
-0.000192,1,0,1,1
-0.0001915,1,0,1,1
-0.000191,1,0,1,1
-0.0001905,1,0,1,0
-0.00019,1,0,1,0
-0.0001895,1,0,1,0
-0.000189,1,0,1,0
-0.0001885,1,0,1,0
-0.000188,1,0,1,0
-0.0001875,1,0,1,0
-0.000187,1,0,1,0
-0.0001865,1,0,1,0
-0.000186,1,0,1,0
-0.0001855,1,0,1,0
-0.000185,1,0,1,0
-0.0001845,1,0,1,0
-0.000184,1,0,1,0
-0.0001835,1,0,1,0
-0.000183,1,0,1,0
-0.0001825,1,0,1,0
-0.000182,1,0,1,0
-0.0001815,1,0,1,0
-0.000181,1,0,1,0
-0.0001805,1,0,1,0
-0.00018,1,0,1,0
-0.0001795,1,0,1,0
-0.000179,1,0,1,0
-0.0001785,1,0,1,0
-0.000178,1,0,1,0
-0.0001775,1,0,1,0
-0.000177,0,0,1,0
-0.0001765,0,0,1,0
-0.000176,0,0,1,0
-0.0001755,0,1,1,0
-0.000175,0,1,1,0
-0.0001745,0,1,1,0
-0.000174,0,1,1,0
-0.0001735,0,1,1,0
-0.000173,0,1,1,0
-0.0001725,0,1,1,0
-0.000172,0,1,1,0
-0.0001715,0,1,0,0
-0.000171,0,1,0,0
-0.0001705,0,1,0,0
-0.00017,0,1,0,0
-0.0001695,0,1,0,0
-0.000169,0,1,0,0
-0.0001685,0,1,0,0
-0.000168,0,1,0,0
-0.0001675,0,1,0,0
-0.000167,0,1,0,0
-0.0001665,0,1,0,0
-0.000166,0,1,0,1
-0.0001655,0,1,0,1
-0.000165,0,1,0,1
-0.0001645,0,1,0,1
-0.000164,0,1,0,1
-0.0001635,0,1,0,1
-0.000163,0,1,0,1
-0.0001625,0,1,0,1
-0.000162,0,1,0,1
-0.0001615,0,1,0,1
-0.000161,0,1,0,1
-0.0001605,0,1,0,1
-0.00016,0,1,0,1
-0.0001595,0,1,0,1
-0.000159,0,1,0,1
-0.0001585,0,1,0,1
-0.000158,0,1,0,1
-0.0001575,0,1,0,1
-0.000157,1,1,0,1
-0.0001565,1,0,0,1
-0.000156,1,0,0,1
-0.0001555,1,0,0,1
-0.000155,1,0,0,1
-0.0001545,1,0,0,1
-0.000154,1,0,1,1
-0.0001535,1,0,1,1
-0.000153,1,0,1,1
-0.0001525,1,0,1,1
-0.000152,1,0,1,1
-0.0001515,1,0,1,1
-0.000151,1,0,1,1
-0.0001505,1,0,1,0
-0.00015,1,0,1,0
-0.0001495,1,0,1,0
-0.000149,1,0,1,0
-0.0001485,1,0,1,0
-0.000148,1,0,1,0
-0.0001475,1,0,1,0
-0.000147,1,0,1,0
-0.0001465,1,0,1,0
-0.000146,1,0,1,0
-0.0001455,1,0,1,0
-0.000145,1,0,1,0
-0.0001445,1,0,1,0
-0.000144,1,0,1,0
-0.0001435,1,0,1,0
-0.000143,1,0,1,0
-0.0001425,1,0,1,0
-0.000142,1,0,1,0
-0.0001415,1,0,1,0
-0.000141,1,0,1,0
-0.0001405,1,0,1,0
-0.00014,1,0,1,0
-0.0001395,1,0,1,0
-0.000139,1,0,1,0
-0.0001385,1,0,1,0
-0.000138,1,0,1,0
-0.0001375,1,0,1,0
-0.000137,0,0,1,0
-0.0001365,0,0,1,0
-0.000136,0,0,1,0
-0.0001355,0,1,1,0
-0.000135,0,1,1,0
-0.0001345,0,1,1,0
-0.000134,0,1,1,0
-0.0001335,0,1,1,0
-0.000133,0,1,1,0
-0.0001325,0,1,1,0
-0.000132,0,1,1,0
-0.0001315,0,1,0,0
-0.000131,0,1,0,0
-0.0001305,0,1,0,0
-0.00013,0,1,0,0
-0.0001295,0,1,0,0
-0.000129,0,1,0,0
-0.0001285,0,1,0,0
-0.000128,0,1,0,0
-0.0001275,0,1,0,0
-0.000127,0,1,0,0
-0.0001265,0,1,0,0
-0.000126,0,1,0,1
-0.0001255,0,1,0,1
-0.000125,0,1,0,1
-0.0001245,0,1,0,1
-0.000124,0,1,0,1
-0.0001235,0,1,0,1
-0.000123,0,1,0,1
-0.0001225,0,1,0,1
-0.000122,0,1,0,1
-0.0001215,0,1,0,1
-0.000121,0,1,0,1
-0.0001205,0,1,0,1
-0.00012,0,1,0,1
-0.0001195,0,1,0,1
-0.000119,0,1,0,1
-0.0001185,0,1,0,1
-0.000118,0,1,0,1
-0.0001175,0,1,0,1
-0.000117,1,1,0,1
-0.0001165,1,0,0,1
-0.000116,1,0,0,1
-0.0001155,1,0,0,1
-0.000115,1,0,0,1
-0.0001145,1,0,0,1
-0.000114,1,0,1,1
-0.0001135,1,0,1,1
-0.000113,1,0,1,1
-0.0001125,1,0,1,1
-0.000112,1,0,1,1
-0.0001115,1,0,1,1
-0.000111,1,0,1,1
-0.0001105,1,0,1,0
-0.00011,1,0,1,0
-0.0001095,1,0,1,0
-0.000109,1,0,1,0
-0.0001085,1,0,1,0
-0.000108,1,0,1,0
-0.0001075,1,0,1,0
-0.000107,1,0,1,0
-0.0001065,1,0,1,0
-0.000106,1,0,1,0
-0.0001055,1,0,1,0
-0.000105,1,0,1,0
-0.0001045,1,0,1,0
-0.000104,1,0,1,0
-0.0001035,1,0,1,0
-0.000103,1,0,1,0
-0.0001025,1,0,1,0
-0.000102,1,0,1,0
-0.0001015,1,0,1,0
-0.000101,1,0,1,0
-0.0001005,1,0,1,0
-0.0001,1,0,1,0
-9.950000000000001e-05,1,0,1,0
-9.899999999999999e-05,1,0,1,0
-9.85e-05,1,0,1,0
-9.8e-05,1,0,1,0
-9.75e-05,1,0,1,0
-9.7e-05,0,0,1,0
-9.65e-05,0,0,1,0
-9.6e-05,0,0,1,0
-9.55e-05,0,1,1,0
-9.500000000000001e-05,0,1,1,0
-9.450000000000001e-05,0,1,1,0
-9.399999999999999e-05,0,1,1,0
-9.35e-05,0,1,1,0
-9.3e-05,0,1,1,0
-9.25e-05,0,1,1,0
-9.2e-05,0,1,1,0
-9.15e-05,0,1,0,0
-9.1e-05,0,1,0,0
-9.05e-05,0,1,0,0
-9.000000000000001e-05,0,1,0,0
-8.949999999999999e-05,0,1,0,0
-8.899999999999999e-05,0,1,0,0
-8.85e-05,0,1,0,0
-8.8e-05,0,1,0,0
-8.75e-05,0,1,0,0
-8.7e-05,0,1,0,0
-8.65e-05,0,1,0,0
-8.6e-05,0,1,0,1
-8.55e-05,0,1,0,1
-8.500000000000001e-05,0,1,0,1
-8.449999999999999e-05,0,1,0,1
-8.4e-05,0,1,0,1
-8.35e-05,0,1,0,1
-8.3e-05,0,1,0,1
-8.25e-05,0,1,0,1
-8.2e-05,0,1,0,1
-8.15e-05,0,1,0,1
-8.1e-05,0,1,0,1
-8.050000000000001e-05,0,1,0,1
-8.000000000000001e-05,0,1,0,1
-7.949999999999999e-05,0,1,0,1
-7.9e-05,0,1,0,1
-7.85e-05,0,1,0,1
-7.8e-05,0,1,0,1
-7.75e-05,0,1,0,1
-7.7e-05,1,1,0,1
-7.65e-05,1,0,0,1
-7.6e-05,1,0,0,1
-7.550000000000001e-05,1,0,0,1
-7.499999999999999e-05,1,0,0,1
-7.449999999999999e-05,1,0,0,1
-7.4e-05,1,0,1,1
-7.35e-05,1,0,1,1
-7.3e-05,1,0,1,1
-7.25e-05,1,0,1,1
-7.2e-05,1,0,1,1
-7.15e-05,1,0,1,1
-7.1e-05,1,0,1,1
-7.050000000000001e-05,1,0,1,0
-6.999999999999999e-05,1,0,1,0
-6.95e-05,1,0,1,0
-6.9e-05,1,0,1,0
-6.85e-05,1,0,1,0
-6.8e-05,1,0,1,0
-6.75e-05,1,0,1,0
-6.7e-05,1,0,1,0
-6.65e-05,1,0,1,0
-6.600000000000001e-05,1,0,1,0
-6.550000000000001e-05,1,0,1,0
-6.499999999999999e-05,1,0,1,0
-6.45e-05,1,0,1,0
-6.4e-05,1,0,1,0
-6.35e-05,1,0,1,0
-6.3e-05,1,0,1,0
-6.25e-05,1,0,1,0
-6.2e-05,1,0,1,0
-6.15e-05,1,0,1,0
-6.1e-05,1,0,1,0
-6.05e-05,1,0,1,0
-6e-05,1,0,1,0
-5.95e-05,1,0,1,0
-5.9e-05,1,0,1,0
-5.85e-05,1,0,1,0
-5.8e-05,1,0,1,0
-5.75e-05,1,0,1,0
-5.7e-05,0,0,1,0
-5.65e-05,0,0,1,0
-5.6e-05,0,0,1,0
-5.55e-05,0,1,1,0
-5.5e-05,0,1,1,0
-5.45e-05,0,1,1,0
-5.4e-05,0,1,1,0
-5.35e-05,0,1,1,0
-5.3e-05,0,1,1,0
-5.25e-05,0,1,1,0
-5.2e-05,0,1,1,0
-5.15e-05,0,1,0,0
-5.1e-05,0,1,0,0
-5.05e-05,0,1,0,0
-5e-05,0,1,0,0
-4.95e-05,0,1,0,0
-4.9e-05,0,1,0,0
-4.85e-05,0,1,0,0
-4.8e-05,0,1,0,0
-4.75e-05,0,1,0,0
-4.7e-05,0,1,0,0
-4.65e-05,0,1,0,0
-4.6e-05,0,1,0,1
-4.55e-05,0,1,0,1
-4.5e-05,0,1,0,1
-4.45e-05,0,1,0,1
-4.4e-05,0,1,0,1
-4.35e-05,0,1,0,1
-4.3e-05,0,1,0,1
-4.25e-05,0,1,0,1
-4.2e-05,0,1,0,1
-4.15e-05,0,1,0,1
-4.1e-05,0,1,0,1
-4.05e-05,0,1,0,1
-4e-05,0,1,0,1
-3.95e-05,0,1,0,1
-3.9e-05,0,1,0,1
-3.85e-05,0,1,0,1
-3.8e-05,0,1,0,1
-3.75e-05,0,1,0,1
-3.7e-05,1,1,0,1
-3.65e-05,1,0,0,1
-3.6e-05,1,0,0,1
-3.55e-05,1,0,0,1
-3.5e-05,1,0,0,1
-3.45e-05,1,0,0,1
-3.4e-05,1,0,1,1
-3.35e-05,1,0,1,1
-3.3e-05,1,0,1,1
-3.25e-05,1,0,1,1
-3.2e-05,1,0,1,1
-3.15e-05,1,0,1,1
-3.1e-05,1,0,1,1
-3.05e-05,1,0,1,0
-3e-05,1,0,1,0
-2.95e-05,1,0,1,0
-2.9e-05,1,0,1,0
-2.85e-05,1,0,1,0
-2.8e-05,1,0,1,0
-2.75e-05,1,0,1,0
-2.7e-05,1,0,1,0
-2.65e-05,1,0,1,0
-2.6e-05,1,0,1,0
-2.55e-05,1,0,1,0
-2.5e-05,1,0,1,0
-2.45e-05,1,0,1,0
-2.4e-05,1,0,1,0
-2.35e-05,1,0,1,0
-2.3e-05,1,0,1,0
-2.25e-05,1,0,1,0
-2.2e-05,1,0,1,0
-2.15e-05,1,0,1,0
-2.1e-05,1,0,1,0
-2.05e-05,1,0,1,0
-2e-05,1,0,1,0
-1.95e-05,1,0,1,0
-1.9e-05,1,0,1,0
-1.85e-05,1,0,1,0
-1.8e-05,1,0,1,0
-1.75e-05,1,0,1,0
-1.7e-05,0,0,1,0
-1.65e-05,0,0,1,0
-1.6e-05,0,0,1,0
-1.55e-05,0,1,1,0
-1.5e-05,0,1,1,0
-1.45e-05,0,1,1,0
-1.4e-05,0,1,1,0
-1.35e-05,0,1,1,0
-1.3e-05,0,1,1,0
-1.25e-05,0,1,1,0
-1.2e-05,0,1,1,0
-1.15e-05,0,1,0,0
-1.1e-05,0,1,0,0
-1.05e-05,0,1,0,0
-1e-05,0,1,0,0
-9.500000000000001e-06,0,1,0,0
-9e-06,0,1,0,0
-8.5e-06,0,1,0,0
-8e-06,0,1,0,0
-7.5e-06,0,1,0,0
-7e-06,0,1,0,0
-6.5e-06,0,1,0,0
-6e-06,0,1,0,1
-5.5e-06,0,1,0,1
-5e-06,0,1,0,1
-4.5e-06,0,1,0,1
-4e-06,0,1,0,1
-3.5e-06,0,1,0,1
-3e-06,0,1,0,1
-2.5e-06,0,1,0,1
-2e-06,0,1,0,1
-1.5e-06,0,1,0,1
-1e-06,0,1,0,1
-5e-07,0,1,0,1
0,0,1,0,1
5e-07,0,1,0,1
1e-06,0,1,0,1
1.5e-06,0,1,0,1
2e-06,0,1,0,1
2.5e-06,0,1,0,1
3e-06,1,1,0,1
3.5e-06,1,0,0,1
4e-06,1,0,0,1
4.5e-06,1,0,0,1
5e-06,1,0,0,1
5.5e-06,1,0,0,1
6e-06,1,0,1,1
6.5e-06,1,0,1,1
7e-06,1,0,1,1
7.5e-06,1,0,1,1
8e-06,1,0,1,1
8.5e-06,1,0,1,1
9e-06,1,0,1,1
9.500000000000001e-06,1,0,1,0
1e-05,1,0,1,0
1.05e-05,1,0,1,0
1.1e-05,1,0,1,0
1.15e-05,1,0,1,0
1.2e-05,1,0,1,0
1.25e-05,1,0,1,0
1.3e-05,1,0,1,0
1.35e-05,1,0,1,0
1.4e-05,1,0,1,0
1.45e-05,1,0,1,0
1.5e-05,1,0,1,0
1.55e-05,1,0,1,0
1.6e-05,1,0,1,0
1.65e-05,1,0,1,0
1.7e-05,1,0,1,0
1.75e-05,1,0,1,0
1.8e-05,1,0,1,0
1.85e-05,1,0,1,0
1.9e-05,1,0,1,0
1.95e-05,1,0,1,0
2e-05,1,0,1,0
2.05e-05,1,0,1,0
2.1e-05,1,0,1,0
2.15e-05,1,0,1,0
2.2e-05,1,0,1,0
2.25e-05,1,0,1,0
2.3e-05,0,0,1,0
2.35e-05,0,0,1,0
2.4e-05,0,0,1,0
2.45e-05,0,1,1,0
2.5e-05,0,1,1,0
2.55e-05,0,1,1,0
2.6e-05,0,1,1,0
2.65e-05,0,1,1,0
2.7e-05,0,1,1,0
2.75e-05,0,1,1,0
2.8e-05,0,1,1,0
2.85e-05,0,1,0,0
2.9e-05,0,1,0,0
2.95e-05,0,1,0,0
3e-05,0,1,0,0
3.05e-05,0,1,0,0
3.1e-05,0,1,0,0
3.15e-05,0,1,0,0
3.2e-05,0,1,0,0
3.25e-05,0,1,0,0
3.3e-05,0,1,0,0
3.35e-05,0,1,0,0
3.4e-05,0,1,0,1
3.45e-05,0,1,0,1
3.5e-05,0,1,0,1
3.55e-05,0,1,0,1
3.6e-05,0,1,0,1
3.65e-05,0,1,0,1
3.7e-05,0,1,0,1
3.75e-05,0,1,0,1
3.8e-05,0,1,0,1
3.85e-05,0,1,0,1
3.9e-05,0,1,0,1
3.95e-05,0,1,0,1
4e-05,0,1,0,1
4.05e-05,0,1,0,1
4.1e-05,0,1,0,1
4.15e-05,0,1,0,1
4.2e-05,0,1,0,1
4.25e-05,0,1,0,1
4.3e-05,1,1,0,1
4.35e-05,1,0,0,1
4.4e-05,1,0,0,1
4.45e-05,1,0,0,1
4.5e-05,1,0,0,1
4.55e-05,1,0,0,1
4.6e-05,1,0,1,1
4.65e-05,1,0,1,1
4.7e-05,1,0,1,1
4.75e-05,1,0,1,1
4.8e-05,1,0,1,1
4.85e-05,1,0,1,1
4.9e-05,1,0,1,1
4.95e-05,1,0,1,0
5e-05,1,0,1,0
5.05e-05,1,0,1,0
5.1e-05,1,0,1,0
5.15e-05,1,0,1,0
5.2e-05,1,0,1,0
5.25e-05,1,0,1,0
5.3e-05,1,0,1,0
5.35e-05,1,0,1,0
5.4e-05,1,0,1,0
5.45e-05,1,0,1,0
5.5e-05,1,0,1,0
5.55e-05,1,0,1,0
5.6e-05,1,0,1,0
5.65e-05,1,0,1,0
5.7e-05,1,0,1,0
5.75e-05,1,0,1,0
5.8e-05,1,0,1,0
5.85e-05,1,0,1,0
5.9e-05,1,0,1,0
5.95e-05,1,0,1,0
6e-05,1,0,1,0
6.05e-05,1,0,1,0
6.1e-05,1,0,1,0
6.15e-05,1,0,1,0
6.2e-05,1,0,1,0
6.25e-05,1,0,1,0
6.3e-05,0,0,1,0
6.35e-05,0,0,1,0
6.4e-05,0,0,1,0
6.45e-05,0,1,1,0
6.499999999999999e-05,0,1,1,0
6.550000000000001e-05,0,1,1,0
6.600000000000001e-05,0,1,1,0
6.65e-05,0,1,1,0
6.7e-05,0,1,1,0
6.75e-05,0,1,1,0
6.8e-05,0,1,1,0
6.85e-05,0,1,0,0
6.9e-05,0,1,0,0
6.95e-05,0,1,0,0
6.999999999999999e-05,0,1,0,0
7.050000000000001e-05,0,1,0,0
7.1e-05,0,1,0,0
7.15e-05,0,1,0,0
7.2e-05,0,1,0,0
7.25e-05,0,1,0,0
7.3e-05,0,1,0,0
7.35e-05,0,1,0,0
7.4e-05,0,1,0,1
7.449999999999999e-05,0,1,0,1
7.499999999999999e-05,0,1,0,1
7.550000000000001e-05,0,1,0,1
7.6e-05,0,1,0,1
7.65e-05,0,1,0,1
7.7e-05,0,1,0,1
7.75e-05,0,1,0,1
7.8e-05,0,1,0,1
7.85e-05,0,1,0,1
7.9e-05,0,1,0,1
7.949999999999999e-05,0,1,0,1
8.000000000000001e-05,0,1,0,1
8.050000000000001e-05,0,1,0,1
8.1e-05,0,1,0,1
8.15e-05,0,1,0,1
8.2e-05,0,1,0,1
8.25e-05,0,1,0,1
8.3e-05,1,1,0,1
8.35e-05,1,0,0,1
8.4e-05,1,0,0,1
8.449999999999999e-05,1,0,0,1
8.500000000000001e-05,1,0,0,1
8.55e-05,1,0,0,1
8.6e-05,1,0,1,1
8.65e-05,1,0,1,1
8.7e-05,1,0,1,1
8.75e-05,1,0,1,1
8.8e-05,1,0,1,1
8.85e-05,1,0,1,1
8.899999999999999e-05,1,0,1,1
8.949999999999999e-05,1,0,1,0
9.000000000000001e-05,1,0,1,0
9.05e-05,1,0,1,0
9.1e-05,1,0,1,0
9.15e-05,1,0,1,0
9.2e-05,1,0,1,0
9.25e-05,1,0,1,0
9.3e-05,1,0,1,0
9.35e-05,1,0,1,0
9.399999999999999e-05,1,0,1,0
9.450000000000001e-05,1,0,1,0
9.500000000000001e-05,1,0,1,0
9.55e-05,1,0,1,0
9.6e-05,1,0,1,0
9.65e-05,1,0,1,0
9.7e-05,1,0,1,0
9.75e-05,1,0,1,0
9.8e-05,1,0,1,0
9.85e-05,1,0,1,0
9.899999999999999e-05,1,0,1,0
9.950000000000001e-05,1,0,1,0
0.0001,1,0,1,0
0.0001005,1,0,1,0
0.000101,1,0,1,0
0.0001015,1,0,1,0
0.000102,1,0,1,0
0.0001025,1,0,1,0
0.000103,0,0,1,0
0.0001035,0,0,1,0
0.000104,0,0,1,0
0.0001045,0,1,1,0
0.000105,0,1,1,0
0.0001055,0,1,1,0
0.000106,0,1,1,0
0.0001065,0,1,1,0
0.000107,0,1,1,0
0.0001075,0,1,1,0
0.000108,0,1,1,0
0.0001085,0,1,0,0
0.000109,0,1,0,0
0.0001095,0,1,0,0
0.00011,0,1,0,0
0.0001105,0,1,0,0
0.000111,0,1,0,0
0.0001115,0,1,0,0
0.000112,0,1,0,0
0.0001125,0,1,0,0
0.000113,0,1,0,0
0.0001135,0,1,0,0
0.000114,0,1,0,1
0.0001145,0,1,0,1
0.000115,0,1,0,1
0.0001155,0,1,0,1
0.000116,0,1,0,1
0.0001165,0,1,0,1
0.000117,0,1,0,1
0.0001175,0,1,0,1
0.000118,0,1,0,1
0.0001185,0,1,0,1
0.000119,0,1,0,1
0.0001195,0,1,0,1
0.00012,0,1,0,1
0.0001205,0,1,0,1
0.000121,0,1,0,1
0.0001215,0,1,0,1
0.000122,0,1,0,1
0.0001225,0,1,0,1
0.000123,1,1,0,1
0.0001235,1,0,0,1
0.000124,1,0,0,1
0.0001245,1,0,0,1
0.000125,1,0,0,1
0.0001255,1,0,0,1
0.000126,1,0,1,1
0.0001265,1,0,1,1
0.000127,1,0,1,1
0.0001275,1,0,1,1
0.000128,1,0,1,1
0.0001285,1,0,1,1
0.000129,1,0,1,1
0.0001295,1,0,1,0
0.00013,1,0,1,0
0.0001305,1,0,1,0
0.000131,1,0,1,0
0.0001315,1,0,1,0
0.000132,1,0,1,0
0.0001325,1,0,1,0
0.000133,1,0,1,0
0.0001335,1,0,1,0
0.000134,1,0,1,0
0.0001345,1,0,1,0
0.000135,1,0,1,0
0.0001355,1,0,1,0
0.000136,1,0,1,0
0.0001365,1,0,1,0
0.000137,1,0,1,0
0.0001375,1,0,1,0
0.000138,1,0,1,0
0.0001385,1,0,1,0
0.000139,1,0,1,0
0.0001395,1,0,1,0
0.00014,1,0,1,0
0.0001405,1,0,1,0
0.000141,1,0,1,0
0.0001415,1,0,1,0
0.000142,1,0,1,0
0.0001425,1,0,1,0
0.000143,0,0,1,0
0.0001435,0,0,1,0
0.000144,0,0,1,0
0.0001445,0,1,1,0
0.000145,0,1,1,0
0.0001455,0,1,1,0
0.000146,0,1,1,0
0.0001465,0,1,1,0
0.000147,0,1,1,0
0.0001475,0,1,1,0
0.000148,0,1,1,0
0.0001485,0,1,0,0
0.000149,0,1,0,0
0.0001495,0,1,0,0
0.00015,0,1,0,0
0.0001505,0,1,0,0
0.000151,0,1,0,0
0.0001515,0,1,0,0
0.000152,0,1,0,0
0.0001525,0,1,0,0
0.000153,0,1,0,0
0.0001535,0,1,0,0
0.000154,0,1,0,1
0.0001545,0,1,0,1
0.000155,0,1,0,1
0.0001555,0,1,0,1
0.000156,0,1,0,1
0.0001565,0,1,0,1
0.000157,0,1,0,1
0.0001575,0,1,0,1
0.000158,0,1,0,1
0.0001585,0,1,0,1
0.000159,0,1,0,1
0.0001595,0,1,0,1
0.00016,0,1,0,1
0.0001605,0,1,0,1
0.000161,0,1,0,1
0.0001615,0,1,0,1
0.000162,0,1,0,1
0.0001625,0,1,0,1
0.000163,1,1,0,1
0.0001635,1,0,0,1
0.000164,1,0,0,1
0.0001645,1,0,0,1
0.000165,1,0,0,1
0.0001655,1,0,0,1
0.000166,1,0,1,1
0.0001665,1,0,1,1
0.000167,1,0,1,1
0.0001675,1,0,1,1
0.000168,1,0,1,1
0.0001685,1,0,1,1
0.000169,1,0,1,1
0.0001695,1,0,1,0
0.00017,1,0,1,0
0.0001705,1,0,1,0
0.000171,1,0,1,0
0.0001715,1,0,1,0
0.000172,1,0,1,0
0.0001725,1,0,1,0
0.000173,1,0,1,0
0.0001735,1,0,1,0
0.000174,1,0,1,0
0.0001745,1,0,1,0
0.000175,1,0,1,0
0.0001755,1,0,1,0
0.000176,1,0,1,0
0.0001765,1,0,1,0
0.000177,1,0,1,0
0.0001775,1,0,1,0
0.000178,1,0,1,0
0.0001785,1,0,1,0
0.000179,1,0,1,0
0.0001795,1,0,1,0
0.00018,1,0,1,0
0.0001805,1,0,1,0
0.000181,1,0,1,0
0.0001815,1,0,1,0
0.000182,1,0,1,0
0.0001825,1,0,1,0
0.000183,0,0,1,0
0.0001835,0,0,1,0
0.000184,0,0,1,0
0.0001845,0,1,1,0
0.000185,0,1,1,0
0.0001855,0,1,1,0
0.000186,0,1,1,0
0.0001865,0,1,1,0
0.000187,0,1,1,0
0.0001875,0,1,1,0
0.000188,0,1,1,0
0.0001885,0,1,0,0
0.000189,0,1,0,0
0.0001895,0,1,0,0
0.00019,0,1,0,0
0.0001905,0,1,0,0
0.000191,0,1,0,0
0.0001915,0,1,0,0
0.000192,0,1,0,0
0.0001925,0,1,0,0
0.000193,0,1,0,0
0.0001935,0,1,0,0
0.000194,0,1,0,1
0.0001945,0,1,0,1
0.000195,0,1,0,1
0.0001955,0,1,0,1
0.000196,0,1,0,1
0.0001965,0,1,0,1
0.000197,0,1,0,1
0.0001975,0,1,0,1
0.000198,0,1,0,1
0.0001985,0,1,0,1
0.000199,0,1,0,1
0.0001995,0,1,0,1
0.0002,0,1,0,1
0.0002005,0,1,0,1
0.000201,0,1,0,1
0.0002015,0,1,0,1
0.000202,0,1,0,1
0.0002025,0,1,0,1
0.000203,1,1,0,1
0.0002035,1,0,0,1
0.000204,1,0,0,1
0.0002045,1,0,0,1
0.000205,1,0,0,1
0.0002055,1,0,0,1
0.000206,1,0,1,1
0.0002065,1,0,1,1
0.000207,1,0,1,1
0.0002075,1,0,1,1
0.000208,1,0,1,1
0.0002085,1,0,1,1
0.000209,1,0,1,1
0.0002095,1,0,1,0
0.00021,1,0,1,0
0.0002105,1,0,1,0
0.000211,1,0,1,0
0.0002115,1,0,1,0
0.000212,1,0,1,0
0.0002125,1,0,1,0
0.000213,1,0,1,0
0.0002135,1,0,1,0
0.000214,1,0,1,0
0.0002145,1,0,1,0
0.000215,1,0,1,0
0.0002155,1,0,1,0
0.000216,1,0,1,0
0.0002165,1,0,1,0
0.000217,1,0,1,0
0.0002175,1,0,1,0
0.000218,1,0,1,0
0.0002185,1,0,1,0
0.000219,1,0,1,0
0.0002195,1,0,1,0
0.00022,1,0,1,0
0.0002205,1,0,1,0
0.000221,1,0,1,0
0.0002215,1,0,1,0
0.000222,1,0,1,0
0.0002225,1,0,1,0
0.000223,0,0,1,0
0.0002235,0,0,1,0
0.000224,0,0,1,0
0.0002245,0,1,1,0
0.000225,0,1,1,0
0.0002255,0,1,1,0
0.000226,0,1,1,0
0.0002265,0,1,1,0
0.000227,0,1,1,0
0.0002275,0,1,1,0
0.000228,0,1,1,0
0.0002285,0,1,0,0
0.000229,0,1,0,0
0.0002295,0,1,0,0
0.00023,0,1,0,0
0.0002305,0,1,0,0
0.000231,0,1,0,0
0.0002315,0,1,0,0
0.000232,0,1,0,0
0.0002325,0,1,0,0
0.000233,0,1,0,0
0.0002335,0,1,0,0
0.000234,0,1,0,1
0.0002345,0,1,0,1
0.000235,0,1,0,1
0.0002355,0,1,0,1
0.000236,0,1,0,1
0.0002365,0,1,0,1
0.000237,0,1,0,1
0.0002375,0,1,0,1
0.000238,0,1,0,1
0.0002385,0,1,0,1
0.000239,0,1,0,1
0.0002395,0,1,0,1
0.00024,0,1,0,1
0.0002405,0,1,0,1
0.000241,0,1,0,1
0.0002415,0,1,0,1
0.000242,0,1,0,1
0.0002425,0,1,0,1
0.000243,1,1,0,1
0.0002435,1,0,0,1
0.000244,1,0,0,1
0.0002445,1,0,0,1
0.000245,1,0,0,1
0.0002455,1,0,0,1
0.000246,1,0,1,1
0.0002465,1,0,1,1
0.000247,1,0,1,1
0.0002475,1,0,1,1
0.000248,1,0,1,1
0.0002485,1,0,1,1
0.000249,1,0,1,1
0.0002495,1,0,1,0
0.00025,1,0,1,0
0.0002505,1,0,1,0
0.000251,1,0,1,0
0.0002515,1,0,1,0
0.000252,1,0,1,0
0.0002525,1,0,1,0
0.000253,1,0,1,0
0.0002535,1,0,1,0
0.000254,1,0,1,0
0.0002545,1,0,1,0
0.000255,1,0,1,0
0.0002555,1,0,1,0
0.000256,1,0,1,0
0.0002565,1,0,1,0
0.000257,1,0,1,0
0.0002575,1,0,1,0
0.000258,1,0,1,0
0.0002585,1,0,1,0
0.000259,1,0,1,0
0.0002595,1,0,1,0
0.00026,1,0,1,0
0.0002605,1,0,1,0
0.000261,1,0,1,0
0.0002615,1,0,1,0
0.000262,1,0,1,0
0.0002625,1,0,1,0
0.000263,0,0,1,0
0.0002635,0,0,1,0
0.000264,0,0,1,0
0.0002645,0,1,1,0
0.000265,0,1,1,0
0.0002655,0,1,1,0
0.000266,0,1,1,0
0.0002665,0,1,1,0
0.000267,0,1,1,0
0.0002675,0,1,1,0
0.000268,0,1,1,0
0.0002685,0,1,0,0
0.000269,0,1,0,0
0.0002695,0,1,0,0
0.00027,0,1,0,0
0.0002705,0,1,0,0
0.000271,0,1,0,0
0.0002715,0,1,0,0
0.000272,0,1,0,0
0.0002725,0,1,0,0
0.000273,0,1,0,0
0.0002735,0,1,0,0
0.000274,0,1,0,1
0.0002745,0,1,0,1
0.000275,0,1,0,1
0.0002755,0,1,0,1
0.000276,0,1,0,1
0.0002765,0,1,0,1
0.000277,0,1,0,1
0.0002775,0,1,0,1
0.000278,0,1,0,1
0.0002785,0,1,0,1
0.000279,0,1,0,1
0.0002795,0,1,0,1
0.00028,0,1,0,1
0.0002805,0,1,0,1
0.000281,0,1,0,1
0.0002815,0,1,0,1
0.000282,0,1,0,1
0.0002825,0,1,0,1
0.000283,1,1,0,1
0.0002835,1,0,0,1
0.000284,1,0,0,1
0.0002845,1,0,0,1
0.000285,1,0,0,1
0.0002855,1,0,0,1
0.000286,1,0,1,1
0.0002865,1,0,1,1
0.000287,1,0,1,1
0.0002875,1,0,1,1
0.000288,1,0,1,1
0.0002885,1,0,1,1
0.000289,1,0,1,1
0.0002895,1,0,1,0
0.00029,1,0,1,0
0.0002905,1,0,1,0
0.000291,1,0,1,0
0.0002915,1,0,1,0
0.000292,1,0,1,0
0.0002925,1,0,1,0
0.000293,1,0,1,0
0.0002935,1,0,1,0
0.000294,1,0,1,0
0.0002945,1,0,1,0
0.000295,1,0,1,0
0.0002955,1,0,1,0
0.000296,1,0,1,0
0.0002965,1,0,1,0
0.000297,1,0,1,0
0.0002975,1,0,1,0
0.000298,1,0,1,0
0.0002985,1,0,1,0
0.000299,1,0,1,0
0.0002995,1,0,1,0
0.0003,1,0,1,0
0.0003005,1,0,1,0
0.000301,1,0,1,0
0.0003015,1,0,1,0
0.000302,1,0,1,0
0.0003025,1,0,1,0
0.000303,0,0,1,0
0.0003035,0,0,1,0
0.000304,0,0,1,0
0.0003045,0,1,1,0
0.000305,0,1,1,0
0.0003055,0,1,1,0
0.000306,0,1,1,0
0.0003065,0,1,1,0
0.000307,0,1,1,0
0.0003075,0,1,1,0
0.000308,0,1,1,0
0.0003085,0,1,0,0
0.000309,0,1,0,0
0.0003095,0,1,0,0
0.00031,0,1,0,0
0.0003105,0,1,0,0
0.000311,0,1,0,0
0.0003115,0,1,0,0
0.000312,0,1,0,0
0.0003125,0,1,0,0
0.000313,0,1,0,0
0.0003135,0,1,0,0
0.000314,0,1,0,1
0.0003145,0,1,0,1
0.000315,0,1,0,1
0.0003155,0,1,0,1
0.000316,0,1,0,1
0.0003165,0,1,0,1
0.000317,0,1,0,1
0.0003175,0,1,0,1
0.000318,0,1,0,1
0.0003185,0,1,0,1
0.000319,0,1,0,1
0.0003195,0,1,0,1
0.00032,0,1,0,1
0.0003205,0,1,0,1
0.000321,0,1,0,1
0.0003215,0,1,0,1
0.000322,0,1,0,1
0.0003225,0,1,0,1
0.000323,1,1,0,1
0.0003235,1,0,0,1
0.000324,1,0,0,1
0.0003245,1,0,0,1
0.000325,1,0,0,1
0.0003255,1,0,0,1
0.000326,1,0,1,1
0.0003265,1,0,1,1
0.000327,1,0,1,1
0.0003275,1,0,1,1
0.000328,1,0,1,1
0.0003285,1,0,1,1
0.000329,1,0,1,1
0.0003295,1,0,1,0
0.00033,1,0,1,0
0.0003305,1,0,1,0
0.000331,1,0,1,0
0.0003315,1,0,1,0
0.000332,1,0,1,0
0.0003325,1,0,1,0
0.000333,1,0,1,0
0.0003335,1,0,1,0
0.000334,1,0,1,0
0.0003345,1,0,1,0
0.000335,1,0,1,0
0.0003355,1,0,1,0
0.000336,1,0,1,0
0.0003365,1,0,1,0
0.000337,1,0,1,0
0.0003375,1,0,1,0
0.000338,1,0,1,0
0.0003385,1,0,1,0
0.000339,1,0,1,0
0.0003395,1,0,1,0
0.00034,1,0,1,0
0.0003405,1,0,1,0
0.000341,1,0,1,0
0.0003415,1,0,1,0
0.000342,1,0,1,0
0.0003425,1,0,1,0
0.000343,0,0,1,0
0.0003435,0,0,1,0
0.000344,0,0,1,0
0.0003445,0,1,1,0
0.000345,0,1,1,0
0.0003455,0,1,1,0
0.000346,0,1,1,0
0.0003465,0,1,1,0
0.000347,0,1,1,0
0.0003475,0,1,1,0
0.000348,0,1,1,0
0.0003485,0,1,0,0
0.000349,0,1,0,0
0.0003495,0,1,0,0
0.00035,0,1,0,0
0.0003505,0,1,0,0
0.000351,0,1,0,0
0.0003515,0,1,0,0
0.000352,0,1,0,0
0.0003525,0,1,0,0
0.000353,0,1,0,0
0.0003535,0,1,0,0
0.000354,0,1,0,1
0.0003545,0,1,0,1
0.000355,0,1,0,1
0.0003555,0,1,0,1
0.000356,0,1,0,1
0.0003565,0,1,0,1
0.000357,0,1,0,1
0.0003575,0,1,0,1
0.000358,0,1,0,1
0.0003585,0,1,0,1
0.000359,0,1,0,1
0.0003595,0,1,0,1
0.00036,0,1,0,1
0.0003605,0,1,0,1
0.000361,0,1,0,1
0.0003615,0,1,0,1
0.000362,0,1,0,1
0.0003625,0,1,0,1
0.000363,1,1,0,1
0.0003635,1,0,0,1
0.000364,1,0,0,1
0.0003645,1,0,0,1
0.000365,1,0,0,1
0.0003655,1,0,0,1
0.000366,1,0,1,1
0.0003665,1,0,1,1
0.000367,1,0,1,1
0.0003675,1,0,1,1
0.000368,1,0,1,1
0.0003685,1,0,1,1
0.000369,1,0,1,1
0.0003695,1,0,1,0
0.00037,1,0,1,0
0.0003705,1,0,1,0
0.000371,1,0,1,0
0.0003715,1,0,1,0
0.000372,1,0,1,0
0.0003725,1,0,1,0
0.000373,1,0,1,0
0.0003735,1,0,1,0
0.000374,1,0,1,0
0.0003745,1,0,1,0
0.000375,1,0,1,0
0.0003755,1,0,1,0
0.000376,1,0,1,0
0.0003765,1,0,1,0
0.000377,1,0,1,0
0.0003775,1,0,1,0
0.000378,1,0,1,0
0.0003785,1,0,1,0
0.000379,1,0,1,0
0.0003795,1,0,1,0
0.00038,1,0,1,0
0.0003805,1,0,1,0
0.000381,1,0,1,0
0.0003815,1,0,1,0
0.000382,1,0,1,0
0.0003825,1,0,1,0
0.000383,0,0,1,0
0.0003835,0,0,1,0
0.000384,0,0,1,0
0.0003845,0,1,1,0
0.000385,0,1,1,0
0.0003855,0,1,1,0
0.000386,0,1,1,0
0.0003865,0,1,1,0
0.000387,0,1,1,0
0.0003875,0,1,1,0
0.000388,0,1,1,0
0.0003885,0,1,0,0
0.000389,0,1,0,0
0.0003895,0,1,0,0
0.00039,0,1,0,0
0.0003905,0,1,0,0
0.000391,0,1,0,0
0.0003915,0,1,0,0
0.000392,0,1,0,0
0.0003925,0,1,0,0
0.000393,0,1,0,0
0.0003935,0,1,0,0
0.000394,0,1,0,1
0.0003945,0,1,0,1
0.000395,0,1,0,1
0.0003955,0,1,0,1
0.000396,0,1,0,1
0.0003965,0,1,0,1
0.000397,0,1,0,1
0.0003975,0,1,0,1
0.000398,0,1,0,1
0.0003985,0,1,0,1
0.000399,0,1,0,1
0.0003995,0,1,0,1
0.0004,0,1,0,1
0.0004005,0,1,0,1
0.000401,0,1,0,1
0.0004015,0,1,0,1
0.000402,0,1,0,1
0.0004025,0,1,0,1
0.000403,1,1,0,1
0.0004035,1,0,0,1
0.000404,1,0,0,1
0.0004045,1,0,0,1
0.000405,1,0,0,1
0.0004055,1,0,0,1
0.000406,1,0,1,1
0.0004065,1,0,1,1
0.000407,1,0,1,1
0.0004075,1,0,1,1
0.000408,1,0,1,1
0.0004085,1,0,1,1
0.000409,1,0,1,1
0.0004095,1,0,1,0
0.00041,1,0,1,0
0.0004105,1,0,1,0
0.000411,1,0,1,0
0.0004115,1,0,1,0
0.000412,1,0,1,0
0.0004125,1,0,1,0
0.000413,1,0,1,0
0.0004135,1,0,1,0
0.000414,1,0,1,0
0.0004145,1,0,1,0
0.000415,1,0,1,0
0.0004155,1,0,1,0
0.000416,1,0,1,0
0.0004165,1,0,1,0
0.000417,1,0,1,0
0.0004175,1,0,1,0
0.000418,1,0,1,0
0.0004185,1,0,1,0
0.000419,1,0,1,0
0.0004195,1,0,1,0
0.00042,1,0,1,0
0.0004205,1,0,1,0
0.000421,1,0,1,0
0.0004215,1,0,1,0
0.000422,1,0,1,0
0.0004225,1,0,1,0
0.000423,0,0,1,0
0.0004235,0,0,1,0
0.000424,0,0,1,0
0.0004245,0,1,1,0
0.000425,0,1,1,0
0.0004255,0,1,1,0
0.000426,0,1,1,0
0.0004265,0,1,1,0
0.000427,0,1,1,0
0.0004275,0,1,1,0
0.000428,0,1,1,0
0.0004285,0,1,0,0
0.000429,0,1,0,0
0.0004295,0,1,0,0
0.00043,0,1,0,0
0.0004305,0,1,0,0
0.000431,0,1,0,0
0.0004315,0,1,0,0
0.000432,0,1,0,0
0.0004325,0,1,0,0
0.000433,0,1,0,0
0.0004335,0,1,0,0
0.000434,0,1,0,1
0.0004345,0,1,0,1
0.000435,0,1,0,1
0.0004355,0,1,0,1
0.000436,0,1,0,1
0.0004365,0,1,0,1
0.000437,0,1,0,1
0.0004375,0,1,0,1
0.000438,0,1,0,1
0.0004385,0,1,0,1
0.000439,0,1,0,1
0.0004395,0,1,0,1
0.00044,0,1,0,1
0.0004405,0,1,0,1
0.000441,0,1,0,1
0.0004415,0,1,0,1
0.000442,0,1,0,1
0.0004425,0,1,0,1
0.000443,1,1,0,1
0.0004435,1,0,0,1
0.000444,1,0,0,1
0.0004445,1,0,0,1
0.000445,1,0,0,1
0.0004455,1,0,0,1
0.000446,1,0,1,1
0.0004465,1,0,1,1
0.000447,1,0,1,1
0.0004475,1,0,1,1
0.000448,1,0,1,1
0.0004485,1,0,1,1
0.000449,1,0,1,1
0.0004495,1,0,1,0
0.00045,1,0,1,0
0.0004505,1,0,1,0
0.000451,1,0,1,0
0.0004515,1,0,1,0
0.000452,1,0,1,0
0.0004525,1,0,1,0
0.000453,1,0,1,0
0.0004535,1,0,1,0
0.000454,1,0,1,0
0.0004545,1,0,1,0
0.000455,1,0,1,0
0.0004555,1,0,1,0
0.000456,1,0,1,0
0.0004565,1,0,1,0
0.000457,1,0,1,0
0.0004575,1,0,1,0
0.000458,1,0,1,0
0.0004585,1,0,1,0
0.000459,1,0,1,0
0.0004595,1,0,1,0
0.00046,1,0,1,0
0.0004605,1,0,1,0
0.000461,1,0,1,0
0.0004615,1,0,1,0
0.000462,1,0,1,0
0.0004625,1,0,1,0
0.000463,0,0,1,0
0.0004635,0,0,1,0
0.000464,0,0,1,0
0.0004645,0,1,1,0
0.000465,0,1,1,0
0.0004655,0,1,1,0
0.000466,0,1,1,0
0.0004665,0,1,1,0
0.000467,0,1,1,0
0.0004675,0,1,1,0
0.000468,0,1,1,0
0.0004685,0,1,0,0
0.000469,0,1,0,0
0.0004695,0,1,0,0
0.00047,0,1,0,0
0.0004705,0,1,0,0
0.000471,0,1,0,0
0.0004715,0,1,0,0
0.000472,0,1,0,0
0.0004725,0,1,0,0
0.000473,0,1,0,0
0.0004735,0,1,0,0
0.000474,0,1,0,1
0.0004745,0,1,0,1
0.000475,0,1,0,1
0.0004755,0,1,0,1
0.000476,0,1,0,1
0.0004765,0,1,0,1
0.000477,0,1,0,1
0.0004775,0,1,0,1
0.000478,0,1,0,1
0.0004785,0,1,0,1
0.000479,0,1,0,1
0.0004795,0,1,0,1
0.00048,0,1,0,1
0.0004805,0,1,0,1
0.000481,0,1,0,1
0.0004815,0,1,0,1
0.000482,0,1,0,1
0.0004825,0,1,0,1
0.000483,1,1,0,1
0.0004835,1,0,0,1
0.000484,1,0,0,1
0.0004845,1,0,0,1
0.000485,1,0,0,1
0.0004855,1,0,0,1
0.000486,1,0,1,1
0.0004865,1,0,1,1
0.000487,1,0,1,1
0.0004875,1,0,1,1
0.000488,1,0,1,1
0.0004885,1,0,1,1
0.000489,1,0,1,1
0.0004895,1,0,1,0
0.00049,1,0,1,0
0.0004905000000000001,1,0,1,0
0.000491,1,0,1,0
0.0004915,1,0,1,0
0.000492,1,0,1,0
0.0004925,1,0,1,0
0.0004929999999999999,1,0,1,0
0.0004935,1,0,1,0
0.000494,1,0,1,0
0.0004945,1,0,1,0
0.000495,1,0,1,0
0.0004955,1,0,1,0
0.000496,1,0,1,0
0.0004965,1,0,1,0
0.000497,1,0,1,0
0.0004975,1,0,1,0
0.000498,1,0,1,0
0.0004985,1,0,1,0
0.000499,1,0,1,0
0.0004995000000000001,1,0,1,0
0.0005,1,0,1,0
0.0005005,1,0,1,0
0.000501,1,0,1,0
0.0005015,1,0,1,0
0.000502,1,0,1,0
0.0005025,1,0,1,0
0.000503,0,0,1,0
0.0005035,0,0,1,0
0.000504,0,0,1,0
0.0005045,0,1,1,0
0.000505,0,1,1,0
0.0005055,0,1,1,0
0.000506,0,1,1,0
0.0005065,0,1,1,0
0.000507,0,1,1,0
0.0005075,0,1,1,0
0.000508,0,1,1,0
0.0005084999999999999,0,1,0,0
0.000509,0,1,0,0
0.0005095,0,1,0,0
0.00051,0,1,0,0
0.0005105,0,1,0,0
0.000511,0,1,0,0
0.0005115,0,1,0,0
0.000512,0,1,0,0
0.0005125,0,1,0,0
0.000513,0,1,0,0
0.0005135,0,1,0,0
0.000514,0,1,0,1
0.0005145,0,1,0,1
0.000515,0,1,0,1
0.0005155,0,1,0,1
0.000516,0,1,0,1
0.0005165,0,1,0,1
0.000517,0,1,0,1
0.0005174999999999999,0,1,0,1
0.000518,0,1,0,1
0.0005185,0,1,0,1
0.000519,0,1,0,1
0.0005195,0,1,0,1
0.00052,0,1,0,1
0.0005205,0,1,0,1
0.000521,0,1,0,1
0.0005215,0,1,0,1
0.000522,0,1,0,1
0.0005225,0,1,0,1
0.000523,1,1,0,1
0.0005235,1,0,0,1
0.0005240000000000001,1,0,0,1
0.0005245,1,0,0,1
0.000525,1,0,0,1
0.0005255,1,0,0,1
0.000526,1,0,1,1
0.0005264999999999999,1,0,1,1
0.000527,1,0,1,1
0.0005275,1,0,1,1
0.000528,1,0,1,1
0.0005285,1,0,1,1
0.000529,1,0,1,1
0.0005295,1,0,1,0
0.00053,1,0,1,0
0.0005305,1,0,1,0
0.000531,1,0,1,0
0.0005315,1,0,1,0
0.000532,1,0,1,0
0.0005325,1,0,1,0
0.0005330000000000001,1,0,1,0
0.0005335,1,0,1,0
0.000534,1,0,1,0
0.0005345,1,0,1,0
0.000535,1,0,1,0
0.0005355,1,0,1,0
0.000536,1,0,1,0
0.0005365,1,0,1,0
0.000537,1,0,1,0
0.0005375,1,0,1,0
0.000538,1,0,1,0
0.0005385,1,0,1,0
0.000539,1,0,1,0
0.0005395,1,0,1,0
0.00054,1,0,1,0
0.0005405,1,0,1,0
0.000541,1,0,1,0
0.0005415,1,0,1,0
0.0005419999999999999,1,0,1,0
0.0005425,1,0,1,0
0.000543,0,0,1,0
0.0005435,0,0,1,0
0.000544,0,0,1,0
0.0005445,0,1,1,0
0.000545,0,1,1,0
0.0005455,0,1,1,0
0.000546,0,1,1,0
0.0005465,0,1,1,0
0.000547,0,1,1,0
0.0005475,0,1,1,0
0.000548,0,1,1,0
0.0005485000000000001,0,1,0,0
0.000549,0,1,0,0
0.0005495,0,1,0,0
0.00055,0,1,0,0
0.0005505,0,1,0,0
0.0005509999999999999,0,1,0,0
0.0005515,0,1,0,0
0.000552,0,1,0,0
0.0005525,0,1,0,0
0.000553,0,1,0,0
0.0005535,0,1,0,0
0.000554,0,1,0,1
0.0005545,0,1,0,1
0.000555,0,1,0,1
0.0005555,0,1,0,1
0.000556,0,1,0,1
0.0005565,0,1,0,1
0.000557,0,1,0,1
0.0005575000000000001,0,1,0,1
0.000558,0,1,0,1
0.0005585,0,1,0,1
0.000559,0,1,0,1
0.0005595,0,1,0,1
0.00056,0,1,0,1
0.0005605,0,1,0,1
0.000561,0,1,0,1
0.0005615,0,1,0,1
0.000562,0,1,0,1
0.0005625,0,1,0,1
0.000563,1,1,0,1
0.0005635,1,0,0,1
0.000564,1,0,0,1
0.0005645,1,0,0,1
0.000565,1,0,0,1
0.0005655,1,0,0,1
0.000566,1,0,1,1
0.0005664999999999999,1,0,1,1
0.000567,1,0,1,1
0.0005675,1,0,1,1
0.000568,1,0,1,1
0.0005685,1,0,1,1
0.000569,1,0,1,1
0.0005695,1,0,1,0
0.00057,1,0,1,0
0.0005705,1,0,1,0
0.000571,1,0,1,0
0.0005715,1,0,1,0
0.000572,1,0,1,0
0.0005725,1,0,1,0
0.0005730000000000001,1,0,1,0
0.0005735,1,0,1,0
0.000574,1,0,1,0
0.0005745,1,0,1,0
0.000575,1,0,1,0
0.0005754999999999999,1,0,1,0
0.000576,1,0,1,0
0.0005765,1,0,1,0
0.000577,1,0,1,0
0.0005775,1,0,1,0
0.000578,1,0,1,0
0.0005785,1,0,1,0
0.000579,1,0,1,0
0.0005795,1,0,1,0
0.00058,1,0,1,0
0.0005805,1,0,1,0
0.000581,1,0,1,0
0.0005815,1,0,1,0
0.0005820000000000001,1,0,1,0
0.0005825,1,0,1,0
0.000583,0,0,1,0
0.0005835,0,0,1,0
0.000584,0,0,1,0
0.0005845,0,1,1,0
0.000585,0,1,1,0
0.0005855,0,1,1,0
0.000586,0,1,1,0
0.0005865,0,1,1,0
0.000587,0,1,1,0
0.0005875,0,1,1,0
0.000588,0,1,1,0
0.0005885,0,1,0,0
0.000589,0,1,0,0
0.0005895,0,1,0,0
0.00059,0,1,0,0
0.0005905,0,1,0,0
0.0005910000000000001,0,1,0,0
0.0005915,0,1,0,0
0.000592,0,1,0,0
0.0005925,0,1,0,0
0.000593,0,1,0,0
0.0005935,0,1,0,0
0.000594,0,1,0,1
0.0005945,0,1,0,1
0.000595,0,1,0,1
0.0005955,0,1,0,1
0.000596,0,1,0,1
0.0005965,0,1,0,1
0.000597,0,1,0,1
0.0005975,0,1,0,1
0.000598,0,1,0,1
0.0005985,0,1,0,1
0.000599,0,1,0,1
0.0005995,0,1,0,1
0.0005999999999999999,0,1,0,1
0.0006005,0,1,0,1
0.000601,0,1,0,1
0.0006015,0,1,0,1
0.000602,0,1,0,1
0.0006025,0,1,0,1
0.000603,1,1,0,1
0.0006035,1,0,0,1
0.000604,1,0,0,1
0.0006045,1,0,0,1
0.000605,1,0,0,1
0.0006055,1,0,0,1
0.000606,1,0,1,1
0.0006065000000000001,1,0,1,1
0.000607,1,0,1,1
0.0006075,1,0,1,1
0.000608,1,0,1,1
0.0006085,1,0,1,1
0.0006089999999999999,1,0,1,1
0.0006095,1,0,1,0
0.00061,1,0,1,0
0.0006105,1,0,1,0
0.000611,1,0,1,0
0.0006115,1,0,1,0
0.000612,1,0,1,0
0.0006125,1,0,1,0
0.000613,1,0,1,0
0.0006135,1,0,1,0
0.000614,1,0,1,0
0.0006145,1,0,1,0
0.000615,1,0,1,0
0.0006155000000000001,1,0,1,0
0.000616,1,0,1,0
0.0006165,1,0,1,0
0.000617,1,0,1,0
0.0006175,1,0,1,0
0.000618,1,0,1,0
0.0006185,1,0,1,0
0.000619,1,0,1,0
0.0006195,1,0,1,0
0.00062,1,0,1,0
0.0006205,1,0,1,0
0.000621,1,0,1,0
0.0006215,1,0,1,0
0.000622,1,0,1,0
0.0006225,1,0,1,0
0.000623,0,0,1,0
0.0006235,0,0,1,0
0.000624,0,0,1,0
0.0006244999999999999,0,1,1,0
0.000625,0,1,1,0
0.0006255,0,1,1,0
0.000626,0,1,1,0
0.0006265,0,1,1,0
0.000627,0,1,1,0
0.0006275,0,1,1,0
0.000628,0,1,1,0
0.0006285,0,1,0,0
0.000629,0,1,0,0
0.0006295,0,1,0,0
0.00063,0,1,0,0
0.0006305,0,1,0,0
0.0006310000000000001,0,1,0,0
0.0006315,0,1,0,0
0.000632,0,1,0,0
0.0006325,0,1,0,0
0.000633,0,1,0,0
0.0006334999999999999,0,1,0,0
0.000634,0,1,0,1
0.0006345,0,1,0,1
0.000635,0,1,0,1
0.0006355,0,1,0,1
0.000636,0,1,0,1
0.0006365,0,1,0,1
0.000637,0,1,0,1
0.0006375,0,1,0,1
0.000638,0,1,0,1
0.0006385,0,1,0,1
0.000639,0,1,0,1
0.0006395,0,1,0,1
0.0006400000000000001,0,1,0,1
0.0006405,0,1,0,1
0.000641,0,1,0,1
0.0006415,0,1,0,1
0.000642,0,1,0,1
0.0006425,0,1,0,1
0.000643,1,1,0,1
0.0006435,1,0,0,1
0.000644,1,0,0,1
0.0006445,1,0,0,1
0.000645,1,0,0,1
0.0006455,1,0,0,1
0.000646,1,0,1,1
0.0006465,1,0,1,1
0.000647,1,0,1,1
0.0006475,1,0,1,1
0.000648,1,0,1,1
0.0006485,1,0,1,1
0.0006489999999999999,1,0,1,1
0.0006495,1,0,1,0
0.00065,1,0,1,0
0.0006505,1,0,1,0
0.000651,1,0,1,0
0.0006515,1,0,1,0
0.000652,1,0,1,0
0.0006525,1,0,1,0
0.000653,1,0,1,0
0.0006535,1,0,1,0
0.000654,1,0,1,0
0.0006545,1,0,1,0
0.000655,1,0,1,0
0.0006555,1,0,1,0
0.000656,1,0,1,0
0.0006565,1,0,1,0
0.000657,1,0,1,0
0.0006575,1,0,1,0
0.0006579999999999999,1,0,1,0
0.0006585,1,0,1,0
0.000659,1,0,1,0
0.0006595,1,0,1,0
0.00066,1,0,1,0
0.0006605,1,0,1,0
0.000661,1,0,1,0
0.0006615,1,0,1,0
0.000662,1,0,1,0
0.0006625,1,0,1,0
0.000663,0,0,1,0
0.0006635,0,0,1,0
0.000664,0,0,1,0
0.0006645000000000001,0,1,1,0
0.000665,0,1,1,0
0.0006655,0,1,1,0
0.000666,0,1,1,0
0.0006665,0,1,1,0
0.0006669999999999999,0,1,1,0
0.0006675,0,1,1,0
0.000668,0,1,1,0
0.0006685,0,1,0,0
0.000669,0,1,0,0
0.0006695,0,1,0,0
0.00067,0,1,0,0
0.0006705,0,1,0,0
0.000671,0,1,0,0
0.0006715,0,1,0,0
0.000672,0,1,0,0
0.0006725,0,1,0,0
0.000673,0,1,0,0
0.0006735000000000001,0,1,0,0
0.000674,0,1,0,1
0.0006745,0,1,0,1
0.000675,0,1,0,1
0.0006755,0,1,0,1
0.000676,0,1,0,1
0.0006765,0,1,0,1
0.000677,0,1,0,1
0.0006775,0,1,0,1
0.000678,0,1,0,1
0.0006785,0,1,0,1
0.000679,0,1,0,1
0.0006795,0,1,0,1
0.00068,0,1,0,1
0.0006805,0,1,0,1
0.000681,0,1,0,1
0.0006815,0,1,0,1
0.000682,0,1,0,1
0.0006824999999999999,0,1,0,1
0.000683,1,1,0,1
0.0006835,1,0,0,1
0.000684,1,0,0,1
0.0006845,1,0,0,1
0.000685,1,0,0,1
0.0006855,1,0,0,1
0.000686,1,0,1,1
0.0006865,1,0,1,1
0.000687,1,0,1,1
0.0006875,1,0,1,1
0.000688,1,0,1,1
0.0006885,1,0,1,1
0.0006890000000000001,1,0,1,1
0.0006895,1,0,1,0
0.00069,1,0,1,0
0.0006905,1,0,1,0
0.000691,1,0,1,0
0.0006914999999999999,1,0,1,0
0.000692,1,0,1,0
0.0006925,1,0,1,0
0.000693,1,0,1,0
0.0006935,1,0,1,0
0.000694,1,0,1,0
0.0006945,1,0,1,0
0.000695,1,0,1,0
0.0006955,1,0,1,0
0.000696,1,0,1,0
0.0006965,1,0,1,0
0.000697,1,0,1,0
0.0006975,1,0,1,0
0.0006980000000000001,1,0,1,0
0.0006985,1,0,1,0
0.000699,1,0,1,0
0.0006995,1,0,1,0
0.0007,1,0,1,0
0.0007005,1,0,1,0
0.000701,1,0,1,0
0.0007015,1,0,1,0
0.000702,1,0,1,0
0.0007025,1,0,1,0
0.000703,0,0,1,0
0.0007035,0,0,1,0
0.000704,0,0,1,0
0.0007045,0,1,1,0
0.000705,0,1,1,0
0.0007055,0,1,1,0
0.000706,0,1,1,0
0.0007065,0,1,1,0
0.0007069999999999999,0,1,1,0
0.0007075,0,1,1,0
0.000708,0,1,1,0
0.0007085,0,1,0,0
0.000709,0,1,0,0
0.0007095,0,1,0,0
0.00071,0,1,0,0
0.0007105,0,1,0,0
0.000711,0,1,0,0
0.0007115,0,1,0,0
0.000712,0,1,0,0
0.0007125,0,1,0,0
0.000713,0,1,0,0
0.0007135,0,1,0,0
0.000714,0,1,0,1
0.0007145,0,1,0,1
0.000715,0,1,0,1
0.0007155,0,1,0,1
0.0007159999999999999,0,1,0,1
0.0007165,0,1,0,1
0.000717,0,1,0,1
0.0007175,0,1,0,1
0.000718,0,1,0,1
0.0007185,0,1,0,1
0.000719,0,1,0,1
0.0007195,0,1,0,1
0.00072,0,1,0,1
0.0007205,0,1,0,1
0.000721,0,1,0,1
0.0007215,0,1,0,1
0.000722,0,1,0,1
0.0007225000000000001,0,1,0,1
0.000723,1,1,0,1
0.0007235,1,0,0,1
0.000724,1,0,0,1
0.0007245,1,0,0,1
0.000725,1,0,0,1
0.0007255,1,0,0,1
0.000726,1,0,1,1
0.0007265,1,0,1,1
0.000727,1,0,1,1
0.0007275,1,0,1,1
0.000728,1,0,1,1
0.0007285,1,0,1,1
0.000729,1,0,1,1
0.0007295,1,0,1,0
0.00073,1,0,1,0
0.0007305,1,0,1,0
0.000731,1,0,1,0
0.0007315000000000001,1,0,1,0
0.000732,1,0,1,0
0.0007325,1,0,1,0
0.000733,1,0,1,0
0.0007335,1,0,1,0
0.000734,1,0,1,0
0.0007345,1,0,1,0
0.000735,1,0,1,0
0.0007355,1,0,1,0
0.000736,1,0,1,0
0.0007365,1,0,1,0
0.000737,1,0,1,0
0.0007375,1,0,1,0
0.000738,1,0,1,0
0.0007385,1,0,1,0
0.000739,1,0,1,0
0.0007395,1,0,1,0
0.00074,1,0,1,0
0.0007404999999999999,1,0,1,0
0.000741,1,0,1,0
0.0007415,1,0,1,0
0.000742,1,0,1,0
0.0007425,1,0,1,0
0.000743,0,0,1,0
0.0007435,0,0,1,0
0.000744,0,0,1,0
0.0007445,0,1,1,0
0.000745,0,1,1,0
0.0007455,0,1,1,0
0.000746,0,1,1,0
0.0007465,0,1,1,0
0.0007470000000000001,0,1,1,0
0.0007475,0,1,1,0
0.000748,0,1,1,0
0.0007485,0,1,0,0
0.000749,0,1,0,0
0.0007494999999999999,0,1,0,0
0.00075,0,1,0,0
0.0007505,0,1,0,0
0.000751,0,1,0,0
0.0007515,0,1,0,0
0.000752,0,1,0,0
0.0007525,0,1,0,0
0.000753,0,1,0,0
0.0007535,0,1,0,0
0.000754,0,1,0,1
0.0007545,0,1,0,1
0.000755,0,1,0,1
0.0007555,0,1,0,1
0.0007560000000000001,0,1,0,1
0.0007565,0,1,0,1
0.000757,0,1,0,1
0.0007575,0,1,0,1
0.000758,0,1,0,1
0.0007585,0,1,0,1
0.000759,0,1,0,1
0.0007595,0,1,0,1
0.00076,0,1,0,1
0.0007605,0,1,0,1
0.000761,0,1,0,1
0.0007615,0,1,0,1
0.000762,0,1,0,1
0.0007625,0,1,0,1
0.000763,1,1,0,1
0.0007635,1,0,0,1
0.000764,1,0,0,1
0.0007645,1,0,0,1
0.0007649999999999999,1,0,0,1
0.0007655,1,0,0,1
0.000766,1,0,1,1
0.0007665,1,0,1,1
0.000767,1,0,1,1
0.0007675,1,0,1,1
0.000768,1,0,1,1
0.0007685,1,0,1,1
0.000769,1,0,1,1
0.0007695,1,0,1,0
0.00077,1,0,1,0
0.0007705,1,0,1,0
0.000771,1,0,1,0
0.0007715000000000001,1,0,1,0
0.000772,1,0,1,0
0.0007725,1,0,1,0
0.000773,1,0,1,0
0.0007735,1,0,1,0
0.0007739999999999999,1,0,1,0
0.0007745,1,0,1,0
0.000775,1,0,1,0
0.0007755,1,0,1,0
0.000776,1,0,1,0
0.0007765,1,0,1,0
0.000777,1,0,1,0
0.0007775,1,0,1,0
0.000778,1,0,1,0
0.0007785,1,0,1,0
0.000779,1,0,1,0
0.0007795,1,0,1,0
0.00078,1,0,1,0
0.0007805000000000001,1,0,1,0
0.000781,1,0,1,0
0.0007815,1,0,1,0
0.000782,1,0,1,0
0.0007825,1,0,1,0
0.000783,0,0,1,0
0.0007835,0,0,1,0
0.000784,0,0,1,0
0.0007845,0,1,1,0
0.000785,0,1,1,0
0.0007855,0,1,1,0
0.000786,0,1,1,0
0.0007865,0,1,1,0
0.000787,0,1,1,0
0.0007875,0,1,1,0
0.000788,0,1,1,0
0.0007885,0,1,0,0
0.000789,0,1,0,0
0.0007895000000000001,0,1,0,0
0.00079,0,1,0,0
0.0007905,0,1,0,0
0.000791,0,1,0,0
0.0007915,0,1,0,0
0.000792,0,1,0,0
0.0007925,0,1,0,0
0.000793,0,1,0,0
0.0007935,0,1,0,0
0.000794,0,1,0,1
0.0007945,0,1,0,1
0.000795,0,1,0,1
0.0007955,0,1,0,1
0.000796,0,1,0,1
0.0007965,0,1,0,1
0.000797,0,1,0,1
0.0007975,0,1,0,1
0.000798,0,1,0,1
0.0007984999999999999,0,1,0,1
0.000799,0,1,0,1
0.0007995,0,1,0,1
0.0008,0,1,0,1
0.0008005,0,1,0,1
0.000801,0,1,0,1
0.0008015,0,1,0,1
0.000802,0,1,0,1
0.0008025,0,1,0,1
0.000803,1,1,0,1
0.0008035,1,0,0,1
0.000804,1,0,0,1
0.0008045,1,0,0,1
0.0008050000000000001,1,0,0,1
0.0008055,1,0,0,1
0.000806,1,0,1,1
0.0008065,1,0,1,1
0.000807,1,0,1,1
0.0008074999999999999,1,0,1,1
0.000808,1,0,1,1
0.0008085,1,0,1,1
0.000809,1,0,1,1
0.0008095,1,0,1,0
0.00081,1,0,1,0
0.0008105,1,0,1,0
0.000811,1,0,1,0
0.0008115,1,0,1,0
0.000812,1,0,1,0
0.0008125,1,0,1,0
0.000813,1,0,1,0
0.0008135,1,0,1,0
0.0008140000000000001,1,0,1,0
0.0008145,1,0,1,0
0.000815,1,0,1,0
0.0008155,1,0,1,0
0.000816,1,0,1,0
0.0008165,1,0,1,0
0.000817,1,0,1,0
0.0008175,1,0,1,0
0.000818,1,0,1,0
0.0008185,1,0,1,0
0.000819,1,0,1,0
0.0008195,1,0,1,0
0.00082,1,0,1,0
0.0008205,1,0,1,0
0.000821,1,0,1,0
0.0008215,1,0,1,0
0.000822,1,0,1,0
0.0008225,1,0,1,0
0.0008229999999999999,0,0,1,0
0.0008235,0,0,1,0
0.000824,0,0,1,0
0.0008245,0,1,1,0
0.000825,0,1,1,0
0.0008255,0,1,1,0
0.000826,0,1,1,0
0.0008265,0,1,1,0
0.000827,0,1,1,0
0.0008275,0,1,1,0
0.000828,0,1,1,0
0.0008285,0,1,0,0
0.000829,0,1,0,0
0.0008295000000000001,0,1,0,0
0.00083,0,1,0,0
0.0008305,0,1,0,0
0.000831,0,1,0,0
0.0008315,0,1,0,0
0.0008319999999999999,0,1,0,0
0.0008325,0,1,0,0
0.000833,0,1,0,0
0.0008335,0,1,0,0
0.000834,0,1,0,1
0.0008345,0,1,0,1
0.000835,0,1,0,1
0.0008355,0,1,0,1
0.000836,0,1,0,1
0.0008365,0,1,0,1
0.000837,0,1,0,1
0.0008375,0,1,0,1
0.000838,0,1,0,1
0.0008385000000000001,0,1,0,1
0.000839,0,1,0,1
0.0008395,0,1,0,1
0.00084,0,1,0,1
0.0008405,0,1,0,1
0.000841,0,1,0,1
0.0008415,0,1,0,1
0.000842,0,1,0,1
0.0008425,0,1,0,1
0.000843,1,1,0,1
0.0008435,1,0,0,1
0.000844,1,0,0,1
0.0008445,1,0,0,1
0.000845,1,0,0,1
0.0008455,1,0,0,1
0.000846,1,0,1,1
0.0008465,1,0,1,1
0.000847,1,0,1,1
0.0008474999999999999,1,0,1,1
0.000848,1,0,1,1
0.0008485,1,0,1,1
0.000849,1,0,1,1
0.0008495,1,0,1,0
0.00085,1,0,1,0
0.0008505,1,0,1,0
0.000851,1,0,1,0
0.0008515,1,0,1,0
0.000852,1,0,1,0
0.0008525,1,0,1,0
0.000853,1,0,1,0
0.0008535,1,0,1,0
0.000854,1,0,1,0
0.0008545,1,0,1,0
0.000855,1,0,1,0
0.0008555,1,0,1,0
0.000856,1,0,1,0
0.0008564999999999999,1,0,1,0
0.000857,1,0,1,0
0.0008575,1,0,1,0
0.000858,1,0,1,0
0.0008585,1,0,1,0
0.000859,1,0,1,0
0.0008595,1,0,1,0
0.00086,1,0,1,0
0.0008605,1,0,1,0
0.000861,1,0,1,0
0.0008615,1,0,1,0
0.000862,1,0,1,0
0.0008625,1,0,1,0
0.0008630000000000001,0,0,1,0
0.0008635,0,0,1,0
0.000864,0,0,1,0
0.0008645,0,1,1,0
0.000865,0,1,1,0
0.0008654999999999999,0,1,1,0
0.000866,0,1,1,0
0.0008665,0,1,1,0
0.000867,0,1,1,0
0.0008675,0,1,1,0
0.000868,0,1,1,0
0.0008685,0,1,0,0
0.000869,0,1,0,0
0.0008695,0,1,0,0
0.00087,0,1,0,0
0.0008705,0,1,0,0
0.000871,0,1,0,0
0.0008715,0,1,0,0
0.0008720000000000001,0,1,0,0
0.0008725,0,1,0,0
0.000873,0,1,0,0
0.0008735,0,1,0,0
0.000874,0,1,0,1
0.0008745,0,1,0,1
0.000875,0,1,0,1
0.0008755,0,1,0,1
0.000876,0,1,0,1
0.0008765,0,1,0,1
0.000877,0,1,0,1
0.0008775,0,1,0,1
0.000878,0,1,0,1
0.0008785,0,1,0,1
0.000879,0,1,0,1
0.0008795,0,1,0,1
0.00088,0,1,0,1
0.0008805,0,1,0,1
0.0008809999999999999,0,1,0,1
0.0008815,0,1,0,1
0.000882,0,1,0,1
0.0008825,0,1,0,1
0.000883,1,1,0,1
0.0008835,1,0,0,1
0.000884,1,0,0,1
0.0008845,1,0,0,1
0.000885,1,0,0,1
0.0008855,1,0,0,1
0.000886,1,0,1,1
0.0008865,1,0,1,1
0.000887,1,0,1,1
0.0008875000000000001,1,0,1,1
0.000888,1,0,1,1
0.0008885,1,0,1,1
0.000889,1,0,1,1
0.0008895,1,0,1,0
0.0008899999999999999,1,0,1,0
0.0008905,1,0,1,0
0.000891,1,0,1,0
0.0008915,1,0,1,0
0.000892,1,0,1,0
0.0008925,1,0,1,0
0.000893,1,0,1,0
0.0008935,1,0,1,0
0.000894,1,0,1,0
0.0008945,1,0,1,0
0.000895,1,0,1,0
0.0008955,1,0,1,0
0.000896,1,0,1,0
0.0008965000000000001,1,0,1,0
0.000897,1,0,1,0
0.0008975,1,0,1,0
0.000898,1,0,1,0
0.0008985,1,0,1,0
0.000899,1,0,1,0
0.0008995,1,0,1,0
0.0009,1,0,1,0
0.0009005,1,0,1,0
0.000901,1,0,1,0
0.0009015,1,0,1,0
0.000902,1,0,1,0
0.0009025,1,0,1,0
0.000903,0,0,1,0
0.0009035,0,0,1,0
0.000904,0,0,1,0
0.0009045,0,1,1,0
0.000905,0,1,1,0
0.0009054999999999999,0,1,1,0
0.000906,0,1,1,0
0.0009065,0,1,1,0
0.000907,0,1,1,0
0.0009075,0,1,1,0
0.000908,0,1,1,0
0.0009085,0,1,0,0
0.000909,0,1,0,0
0.0009095,0,1,0,0
0.00091,0,1,0,0
0.0009105,0,1,0,0
0.000911,0,1,0,0
0.0009115,0,1,0,0
0.0009120000000000001,0,1,0,0
0.0009125,0,1,0,0
0.000913,0,1,0,0
0.0009135,0,1,0,0
0.000914,0,1,0,1
0.0009144999999999999,0,1,0,1
0.000915,0,1,0,1
0.0009155,0,1,0,1
0.000916,0,1,0,1
0.0009165,0,1,0,1
0.000917,0,1,0,1
0.0009175,0,1,0,1
0.000918,0,1,0,1
0.0009185,0,1,0,1
0.000919,0,1,0,1
0.0009195,0,1,0,1
0.00092,0,1,0,1
0.0009205,0,1,0,1
0.0009210000000000001,0,1,0,1
0.0009215,0,1,0,1
0.000922,0,1,0,1
0.0009225,0,1,0,1
0.000923,1,1,0,1
0.0009235,1,0,0,1
0.000924,1,0,0,1
0.0009245,1,0,0,1
0.000925,1,0,0,1
0.0009255,1,0,0,1
0.000926,1,0,1,1
0.0009265,1,0,1,1
0.000927,1,0,1,1
0.0009275,1,0,1,1
0.000928,1,0,1,1
0.0009285,1,0,1,1
0.000929,1,0,1,1
0.0009295,1,0,1,0
0.0009300000000000001,1,0,1,0
0.0009305,1,0,1,0
0.000931,1,0,1,0
0.0009315,1,0,1,0
0.000932,1,0,1,0
0.0009325,1,0,1,0
0.000933,1,0,1,0
0.0009335,1,0,1,0
0.000934,1,0,1,0
0.0009345,1,0,1,0
0.000935,1,0,1,0
0.0009355,1,0,1,0
0.000936,1,0,1,0
0.0009365,1,0,1,0
0.000937,1,0,1,0
0.0009375,1,0,1,0
0.000938,1,0,1,0
0.0009385,1,0,1,0
0.0009389999999999999,1,0,1,0
0.0009395,1,0,1,0
0.00094,1,0,1,0
0.0009405,1,0,1,0
0.000941,1,0,1,0
0.0009415,1,0,1,0
0.000942,1,0,1,0
0.0009425,1,0,1,0
0.000943,0,0,1,0
0.0009435,0,0,1,0
0.000944,0,0,1,0
0.0009445,0,1,1,0
0.000945,0,1,1,0
0.0009455000000000001,0,1,1,0
0.000946,0,1,1,0
0.0009465,0,1,1,0
0.000947,0,1,1,0
0.0009475,0,1,1,0
0.0009479999999999999,0,1,1,0
0.0009485,0,1,0,0
0.000949,0,1,0,0
0.0009495,0,1,0,0
0.00095,0,1,0,0
0.0009505,0,1,0,0
0.000951,0,1,0,0
0.0009515,0,1,0,0
0.000952,0,1,0,0
0.0009525,0,1,0,0
0.000953,0,1,0,0
0.0009535,0,1,0,0
0.000954,0,1,0,1
0.0009545000000000001,0,1,0,1
0.000955,0,1,0,1
0.0009555,0,1,0,1
0.000956,0,1,0,1
0.0009565,0,1,0,1
0.000957,0,1,0,1
0.0009575,0,1,0,1
0.000958,0,1,0,1
0.0009585,0,1,0,1
0.000959,0,1,0,1
0.0009595,0,1,0,1
0.00096,0,1,0,1
0.0009605,0,1,0,1
0.000961,0,1,0,1
0.0009615,0,1,0,1
0.000962,0,1,0,1
0.0009625,0,1,0,1
0.000963,1,1,0,1
0.0009634999999999999,1,0,0,1
0.000964,1,0,0,1
0.0009645,1,0,0,1
0.000965,1,0,0,1
0.0009655,1,0,0,1
0.000966,1,0,1,1
0.0009665,1,0,1,1
0.000967,1,0,1,1
0.0009675,1,0,1,1
0.000968,1,0,1,1
0.0009685,1,0,1,1
0.000969,1,0,1,1
0.0009695,1,0,1,0
0.0009700000000000001,1,0,1,0
0.0009705,1,0,1,0
0.000971,1,0,1,0
0.0009715,1,0,1,0
0.000972,1,0,1,0
0.0009724999999999999,1,0,1,0
0.000973,1,0,1,0
0.0009735,1,0,1,0
0.000974,1,0,1,0
0.0009745,1,0,1,0
0.000975,1,0,1,0
0.0009755,1,0,1,0
0.000976,1,0,1,0
0.0009765,1,0,1,0
0.000977,1,0,1,0
0.0009775000000000001,1,0,1,0
0.0009779999999999999,1,0,1,0
0.0009785,1,0,1,0
0.0009790000000000001,1,0,1,0
0.0009794999999999999,1,0,1,0
0.00098,1,0,1,0
0.0009805,1,0,1,0
0.0009810000000000001,1,0,1,0
0.0009815,1,0,1,0
0.000982,1,0,1,0
0.0009825000000000001,1,0,1,0
0.0009829999999999999,0,0,1,0
0.0009835,0,0,1,0
0.0009840000000000001,0,0,1,0
0.0009844999999999999,0,1,1,0
0.000985,0,1,1,0
0.0009855,0,1,1,0
0.0009859999999999999,0,1,1,0
0.0009865,0,1,1,0
0.000987,0,1,1,0
0.0009875000000000001,0,1,1,0
0.0009879999999999999,0,1,1,0
0.0009885,0,1,0,0
0.0009890000000000001,0,1,0,0
0.0009894999999999999,0,1,0,0
0.00099,0,1,0,0
0.0009905000000000001,0,1,0,0
0.0009909999999999999,0,1,0,0
0.0009915,0,1,0,0
0.000992,0,1,0,0
0.0009924999999999999,0,1,0,0
0.000993,0,1,0,0
0.0009935,0,1,0,0
0.0009940000000000001,0,1,0,1
0.0009944999999999999,0,1,0,1
0.000995,0,1,0,1
0.0009955000000000001,0,1,0,1
0.0009959999999999999,0,1,0,1
0.0009965,0,1,0,1
0.0009970000000000001,0,1,0,1
0.0009974999999999999,0,1,0,1
0.000998,0,1,0,1
0.0009985,0,1,0,1
0.0009990000000000001,0,1,0,1
0.0009995,0,1,0,1
0.001,0,1,0,1
0.0010005,0,1,0,1
0.001001,0,1,0,1
0.0010015,0,1,0,1
0.001002,0,1,0,1
0.0010025,0,1,0,1
0.001003,1,1,0,1
0.0010035,1,0,0,1
0.001004,1,0,0,1
0.0010045,1,0,0,1
0.001005,1,0,0,1
0.0010055,1,0,0,1
0.001006,1,0,1,1
0.0010065,1,0,1,1
0.001007,1,0,1,1
0.0010075,1,0,1,1
0.001008,1,0,1,1
0.0010085,1,0,1,1
0.001009,1,0,1,1
0.0010095,1,0,1,0
0.00101,1,0,1,0
0.0010105,1,0,1,0
0.001011,1,0,1,0
0.0010115,1,0,1,0
0.001012,1,0,1,0
0.0010125,1,0,1,0
0.001013,1,0,1,0
0.0010135,1,0,1,0
0.001014,1,0,1,0
0.0010145,1,0,1,0
0.001015,1,0,1,0
0.0010155,1,0,1,0
0.001016,1,0,1,0
0.0010165,1,0,1,0
0.001017,1,0,1,0
0.0010175,1,0,1,0
0.001018,1,0,1,0
0.0010185,1,0,1,0
0.001019,1,0,1,0
0.0010195,1,0,1,0
0.00102,1,0,1,0
0.0010205,1,0,1,0
0.001021,1,0,1,0
0.0010215,1,0,1,0
0.001022,1,0,1,0
0.0010225,1,0,1,0
0.001023,0,0,1,0
0.0010235,0,0,1,0
0.001024,0,0,1,0
0.0010245,0,1,1,0
0.001025,0,1,1,0
0.0010255,0,1,1,0
0.001026,0,1,1,0
0.0010265,0,1,1,0
0.001027,0,1,1,0
0.0010275,0,1,1,0
0.001028,0,1,1,0
0.0010285,0,1,0,0
0.001029,0,1,0,0
